"ID"	"POSITION"	"LENGTH"	"SCORE"	"ABS_SCORE"	"SEQUENCE"	"SUB_SCORE"
"1"	"1187"	"25"	"-1.2000000476837158"	"1.2000000476837158"	"CCCTAACATACTTACCCCGCAGCCT"	"-1.2"
"2"	"4010"	"29"	"-1.0689655542373657"	"1.0689655542373657"	"TTTTCCGAGCATCCCCCATATACCCGTAA"	"-1.28,-1.24,-1.24,-1.24,-1.24"
"3"	"4019"	"25"	"-1.2000000476837158"	"1.2000000476837158"	"CATCCCCCATATACCCGTAAAAACA"	"-1.2"
"4"	"16029"	"25"	"-1.2000000476837158"	"1.2000000476837158"	"ACGGGCCGCCCCCCAACAACATCCC"	"-1.2"
"5"	"16032"	"31"	"-1.0"	"1.0"	"GGCCGCCCCCCAACAACATCCCGATTTATTA"	"-1.24,-1.36,-1.48,-1.4,-1.32,-1.36,-1.2"
"6"	"16061"	"31"	"-1.0322580337524414"	"1.0322580337524414"	"TACATGCCTTACGACCCCCCACAACAACATC"	"-1.2,-1.2,-1.2,-1.2,-1.2,-1.2,-1.28"
"7"	"16810"	"28"	"-1.0714285373687744"	"1.0714285373687744"	"AAGCAATTCCCCTTATTGTAGCCCCATT"	"-1.2,-1.2,-1.2,-1.24"
"8"	"17034"	"27"	"-1.296296238899231"	"1.296296238899231"	"ACCCCGAGTCTATCCCCAAAACAGCCT"	"-1.32,-1.4,-1.24"
"9"	"49337"	"35"	"1.085714340209961"	"1.085714340209961"	"AATTAAGTGGGACGATGGAGGTGGGGGTAGACTGC"	"1.2,1.36,1.52,1.52,1.52,1.56,1.56,1.48,1.48,1.4,1.24"
"10"	"63726"	"30"	"1.0666667222976685"	"1.0666667222976685"	"TTCTGGCAATGGGTGCACAGGGGGTTGATG"	"1.2,1.2,1.24,1.28,1.28,1.24"
"11"	"64370"	"35"	"-1.0285714864730835"	"1.0285714864730835"	"GTATACCTTCCCAGCCAACCATCCCCACACGTTTT"	"-1.24,-1.44,-1.44,-1.48,-1.48,-1.52,-1.4,-1.32,-1.32,-1.32,-1.2"
"12"	"78159"	"34"	"-1.1176470518112183"	"1.1176470518112183"	"AAAATACTCCCCCCACATAATTTCCCTCCAAGAA"	"-1.28,-1.4,-1.4,-1.48,-1.56,-1.56,-1.56,-1.48,-1.48,-1.32"
"13"	"78633"	"36"	"-0.9722222089767456"	"0.9722222089767456"	"ACTCTGCTCTCCAATCCTAGCCCCCCACGCCAAGTG"	"-1.2,-1.36,-1.32,-1.36,-1.28,-1.36,-1.48,-1.44,-1.44,-1.36,-1.36,-1.2"
"14"	"78807"	"25"	"-1.2000000476837158"	"1.2000000476837158"	"CCACCAAACCAACAAGAAATACCCC"	"-1.2"
"15"	"78813"	"31"	"-1.1290322542190552"	"1.1290322542190552"	"AACCAACAAGAAATACCCCACCTCCCACAAC"	"-1.2,-1.32,-1.32,-1.28,-1.2,-1.2,-1.24"
"16"	"78823"	"30"	"-1.0333333015441895"	"1.0333333015441895"	"AAATACCCCACCTCCCACAACGTAAACAAA"	"-1.2,-1.2,-1.24,-1.24,-1.24,-1.24"
"17"	"79106"	"26"	"-1.2692307233810425"	"1.2692307233810425"	"CCTCAACCATCCATCCCACTACTCCC"	"-1.2,-1.24"
"18"	"79109"	"25"	"-1.2000000476837158"	"1.2000000476837158"	"CAACCATCCATCCCACTACTCCCTC"	"-1.2"
"19"	"79112"	"26"	"-1.2692307233810425"	"1.2692307233810425"	"CCATCCATCCCACTACTCCCTCATCC"	"-1.24,-1.24"
"20"	"79331"	"26"	"-1.1538461446762085"	"1.1538461446762085"	"ACATACATCTCTACACCCCCTCTCCA"	"-1.2,-1.2"
"21"	"79337"	"35"	"-1.1428571939468384"	"1.1428571939468384"	"ATCTCTACACCCCCTCTCCAATAGCCCAAACCATA"	"-1.2,-1.32,-1.44,-1.4,-1.4,-1.36,-1.44,-1.52,-1.48,-1.48,-1.32"
"22"	"79963"	"28"	"-1.1428571939468384"	"1.1428571939468384"	"TTACCCCTATTCAACGGAATCCCCCAAG"	"-1.36,-1.36,-1.36,-1.28"
"23"	"79980"	"25"	"-1.2000000476837158"	"1.2000000476837158"	"AATCCCCCAAGGTTCACCCATATCC"	"-1.2"
"24"	"80802"	"32"	"-0.96875"	"0.96875"	"AAACAAACCACCATGGACCCTCCCCAATCTAA"	"-1.2,-1.2,-1.2,-1.2,-1.2,-1.2,-1.2,-1.2"
"25"	"81017"	"28"	"-1.2142857313156128"	"1.2142857313156128"	"TGCCCCCATATTCATCCGTCCTCACCTC"	"-1.2,-1.28,-1.32,-1.24"
"26"	"83504"	"25"	"1.2000000476837158"	"1.2000000476837158"	"GAACCAGGGGGAAGATAGGGCGGAT"	"1.2"
"27"	"83508"	"27"	"1.1481481790542603"	"1.1481481790542603"	"CAGGGGGAAGATAGGGCGGATTTTTTT"	"1.24,1.32,1.32"
"28"	"84546"	"28"	"1.2142857313156128"	"1.2142857313156128"	"GTGGCAGTTTTGGGTGGTCTGTGGGGCG"	"1.2,1.32,1.28,1.24"
"29"	"84551"	"25"	"1.2400000095367432"	"1.2400000095367432"	"AGTTTTGGGTGGTCTGTGGGGCGTG"	"1.24"
"30"	"84556"	"27"	"1.296296238899231"	"1.296296238899231"	"TGGGTGGTCTGTGGGGCGTGCCAGGGT"	"1.28,1.4,1.28"
"31"	"100231"	"31"	"1.0322580337524414"	"1.0322580337524414"	"GTTTAAAAGTGTGGGAGTGGTGGGGCGTGAC"	"1.32,1.24,1.28,1.28,1.32,1.32,1.24"
"32"	"103262"	"27"	"1.185185194015503"	"1.185185194015503"	"TCGGGGATACCGATGGATATTGGGGAA"	"1.28,1.28,1.32"
"33"	"103429"	"27"	"1.1481481790542603"	"1.1481481790542603"	"GTGGCAGTGATGGGCTGTATTGGGGTT"	"1.24,1.2,1.2"
"34"	"115070"	"31"	"0.8064516186714172"	"0.8064516186714172"	"CCTCCGGGTAGGGAGATCGGTGGGGTGTACC"	"1.2,1.28,1.4,1.4,1.48,1.44,1.2"
"35"	"126234"	"25"	"-1.2799999713897705"	"1.2799999713897705"	"CCCATACCATTATGTTCGATCCCCC"	"-1.28"
"36"	"130264"	"36"	"0.8888888955116272"	"0.8888888955116272"	"CATTAATTTAAGGGGGGCGATAGGGTTCTTTGTAAA"	"1.28,1.32,1.32,1.28,1.28,1.28,1.28,1.32,1.32,1.32,1.32,1.32"
"37"	"130959"	"34"	"1.058823585510254"	"1.058823585510254"	"AAAAATTTGGGCGGGGCAGTTTTGGGCGGTTTTA"	"1.2,1.32,1.28,1.36,1.44,1.44,1.44,1.44,1.44,1.32"
"38"	"130971"	"25"	"1.2400000095367432"	"1.2400000095367432"	"GGGGCAGTTTTGGGCGGTTTTACGG"	"1.24"
"39"	"138190"	"30"	"-1.0333333015441895"	"1.0333333015441895"	"ATACGTTCTATTCTTTATCCCCCCCCTGTG"	"-1.2,-1.36,-1.36,-1.32,-1.28,-1.24"
"40"	"138201"	"26"	"-1.1538461446762085"	"1.1538461446762085"	"TCTTTATCCCCCCCCTGTGGACTACA"	"-1.2,-1.2"
"41"	"143799"	"35"	"-0.9714285731315613"	"0.9714285731315613"	"CTCTGCTTTCCAATCCTAGCCCCCCACGCCAAGTG"	"-1.32,-1.28,-1.32,-1.24,-1.32,-1.44,-1.4,-1.4,-1.36,-1.36,-1.2"
"42"	"144443"	"26"	"-1.192307710647583"	"1.192307710647583"	"ACCTATATCACTATACCCCCTCTCCA"	"-1.24,-1.24"
"43"	"144450"	"34"	"-1.1470588445663452"	"1.1470588445663452"	"TCACTATACCCCCTCTCCAATAGCCCAAACCATA"	"-1.28,-1.4,-1.36,-1.36,-1.32,-1.4,-1.48,-1.48,-1.48,-1.32"
"44"	"145022"	"25"	"-1.2400000095367432"	"1.2400000095367432"	"CCGCATACATCAAACCCATTACCCC"	"-1.24"
"45"	"145039"	"29"	"-1.1034482717514038"	"1.1034482717514038"	"ATTACCCCTATTCAACGGAATCCCCCAAG"	"-1.2,-1.36,-1.36,-1.36,-1.28"
"46"	"145057"	"27"	"-1.1111111640930176"	"1.1111111640930176"	"AATCCCCCAAGGTTCACCCATATCCTT"	"-1.2,-1.2,-1.2"
"47"	"145638"	"26"	"1.2307692766189575"	"1.2307692766189575"	"GGTATGGGCTTAGGATGTTATGGGGC"	"1.32,1.2"
"48"	"145642"	"26"	"1.2307692766189575"	"1.2307692766189575"	"TGGGCTTAGGATGTTATGGGGCAAGG"	"1.2,1.28"
"49"	"146218"	"26"	"-1.192307710647583"	"1.192307710647583"	"TCCCGTTATTTCCCCTTTTGTACCCG"	"-1.28,-1.24"
"50"	"146316"	"25"	"-1.2000000476837158"	"1.2000000476837158"	"CGACCCCTGTGCCCTTGGCCCTCTC"	"-1.2"
"51"	"152494"	"39"	"1.3589743375778198"	"1.3589743375778198"	"AGAAAGGGGAAAAGGTGGTTACTGGGAGCTGGGGGTCGA"	"1.2,1.32,1.28,1.32,1.28,1.28,1.28,1.28,1.28,1.28,1.44,1.44,1.4,1.44,1.36"
"52"	"154838"	"25"	"1.2799999713897705"	"1.2799999713897705"	"GGGGTCACATGTAAAGATGGGGCAG"	"1.28"
"53"	"156773"	"38"	"1.0263158082962036"	"1.0263158082962036"	"GAAAGACCAGTGGGGGGAAGTTTGGGAATATGTAGAGG"	"1.2,1.28,1.28,1.28,1.28,1.24,1.24,1.36,1.44,1.44,1.44,1.44,1.36,1.28"
"54"	"158022"	"43"	"1.0"	"1.0"	"ACGGAATAAATCGAGAGGGGTAGGGGTAGGGGTAACCCTCAAG"	"1.28,1.44,1.48,1.4,1.48,1.64,1.8,1.96,1.96,1.96,1.96,1.84,1.76,1.6,1.6,1.52,1.52,1.36,1.24"
"55"	"158044"	"25"	"1.2799999713897705"	"1.2799999713897705"	"GGGGTAGGGGTAACCCTCAAGTGGG"	"1.28"
"56"	"168537"	"28"	"1.1071428060531616"	"1.1071428060531616"	"TTCGGGAACGGGGAGAACTGGATGGTCG"	"1.24,1.24,1.2,1.28"
"57"	"181734"	"44"	"-0.9318181872367859"	"0.9318181872367859"	"TTATTTCCCTATTACTCGTCCCCCTCCCTTCAAACAAGATACAT"	"-1.2,-1.32,-1.44,-1.56,-1.56,-1.56,-1.6,-1.48,-1.36,-1.24,-1.28,-1.28,-1.28,-1.24,-1.24,-1.2,-1.2,-1.2,-1.24,-1.24"
"58"	"198633"	"29"	"-1.0689655542373657"	"1.0689655542373657"	"ACTTCCAAATCGCCCACCACCTCCCAAAT"	"-1.24,-1.24,-1.2,-1.2,-1.2"
"59"	"200740"	"26"	"1.192307710647583"	"1.192307710647583"	"AGTACAATTGGGGAAGAGGGAGGTTG"	"1.2,1.24"
"60"	"216471"	"44"	"-1.0"	"1.0"	"GCACAAGCAAGACCACCACCCCCACCCCGACGAGCTAGAGCCAG"	"-1.28,-1.48,-1.6,-1.76,-1.68,-1.68,-1.72,-1.72,-1.68,-1.64,-1.68,-1.72,-1.72,-1.6,-1.52,-1.48,-1.48,-1.48,-1.48,-1.28"
"61"	"217151"	"31"	"-1.1290322542190552"	"1.1290322542190552"	"TTGACCCTATTTTCCCGCCCCTGTTTCACCG"	"-1.24,-1.24,-1.28,-1.32,-1.4,-1.36,-1.2"
"62"	"219687"	"25"	"-1.2799999713897705"	"1.2799999713897705"	"CCAAAGAACCGCCCAAAACTACCCC"	"-1.28"
"63"	"219689"	"35"	"-1.0285714864730835"	"1.0285714864730835"	"AAAGAACCGCCCAAAACTACCCCGCCCAAAAATAT"	"-1.2,-1.32,-1.44,-1.44,-1.48,-1.48,-1.48,-1.4,-1.32,-1.36,-1.24"
"64"	"221787"	"38"	"0.8947368264198303"	"0.8947368264198303"	"AAACAGAGGAACTGGGGATTTTGGGGATGTGTAGCCTT"	"1.24,1.4,1.4,1.4,1.48,1.48,1.48,1.48,1.4,1.36,1.28,1.2,1.24,1.24"
"65"	"227331"	"31"	"-1.0967742204666138"	"1.0967742204666138"	"ATTTACCCCTATTACCCATCAAACCAAACCA"	"-1.2,-1.2,-1.2,-1.2,-1.28,-1.36,-1.2"
"66"	"234474"	"25"	"1.2799999713897705"	"1.2799999713897705"	"GGCGGTTTTCGGGCATTTGGGTGGG"	"1.28"
"67"	"235472"	"25"	"-1.2000000476837158"	"1.2000000476837158"	"AACTTTTTGCCACGCCCACCCCAAC"	"-1.2"
"68"	"235474"	"39"	"-1.076923131942749"	"1.076923131942749"	"CTTTTTGCCACGCCCACCCCAACGCCCTAAAAACGCCAA"	"-1.28,-1.36,-1.48,-1.48,-1.48,-1.48,-1.48,-1.52,-1.44,-1.4,-1.36,-1.4,-1.52,-1.4,-1.28"
"69"	"235625"	"34"	"-1.1470588445663452"	"1.1470588445663452"	"CTTTTTGCCCCGCCCTCTTCAACTCCCTGAAACC"	"-1.2,-1.28,-1.4,-1.4,-1.36,-1.36,-1.36,-1.4,-1.32,-1.24"
"70"	"235756"	"31"	"-1.0645161867141724"	"1.0645161867141724"	"TTTTGCCCCGCCCAATCAAAACGCCCTAAAA"	"-1.2,-1.32,-1.32,-1.32,-1.32,-1.36,-1.2"
"71"	"238280"	"27"	"1.185185194015503"	"1.185185194015503"	"CTGGGGGATTTAGGACAGCTAAGGGTG"	"1.24,1.28,1.32"
"72"	"243711"	"27"	"1.1111111640930176"	"1.1111111640930176"	"CAGGGCTGGGGAGGTCGAAGTGTAGAA"	"1.2,1.24,1.24"
"73"	"245152"	"27"	"-1.0740740299224854"	"1.0740740299224854"	"AGTTTTTGCTTCCCCTTTTTTCCCCAG"	"-1.24,-1.24,-1.2"
"74"	"245160"	"25"	"-1.2000000476837158"	"1.2000000476837158"	"CTTCCCCTTTTTTCCCCAGGCTTAT"	"-1.2"
"75"	"245162"	"25"	"-1.2000000476837158"	"1.2000000476837158"	"TCCCCTTTTTTCCCCAGGCTTATAC"	"-1.2"
"76"	"250452"	"28"	"1.1428571939468384"	"1.1428571939468384"	"AAGGTGTGGGCGGGATAGATTTGGGCGT"	"1.28,1.24,1.28,1.2"
"77"	"254096"	"37"	"-1.0810810327529907"	"1.0810810327529907"	"AAACTTTTAGCCCCGCCCTAAAGCCCCAAACCGGTCA"	"-1.24,-1.4,-1.56,-1.56,-1.52,-1.52,-1.6,-1.68,-1.6,-1.52,-1.56,-1.44,-1.28"
"78"	"267073"	"38"	"0.9736841917037964"	"0.9736841917037964"	"CATCGGTCGGTTGGGGGAGGTGTGGCCGTGGGACTTGC"	"1.28,1.32,1.24,1.28,1.32,1.36,1.4,1.52,1.56,1.44,1.36,1.36,1.4,1.2"
"79"	"270989"	"39"	"-1.0"	"1.0"	"AAAATTCCATATACCCCTTATTCCCCCTATCGCTTGTGT"	"-1.28,-1.44,-1.6,-1.6,-1.6,-1.6,-1.64,-1.52,-1.48,-1.48,-1.48,-1.44,-1.44,-1.4,-1.24"
"80"	"278198"	"27"	"1.1111111640930176"	"1.1111111640930176"	"AAAAGTTGGGGAGCGGGTTTTTGGAAA"	"1.2,1.2,1.2"
"81"	"304318"	"26"	"1.2692307233810425"	"1.2692307233810425"	"GGGATGGTTGTGGGCTTTAGAGTGGG"	"1.2,1.2"
"82"	"339122"	"29"	"1.0689655542373657"	"1.0689655542373657"	"TAAAAGGGAAGGGGTCTTCTGAAGGGATC"	"1.2,1.32,1.32,1.32,1.24"
"83"	"343233"	"30"	"1.0"	"1.0"	"CTTGTGGGCTTTGGAAGGGGCGCGGCTAAA"	"1.24,1.24,1.24,1.24,1.2,1.2"
"84"	"343808"	"25"	"1.2000000476837158"	"1.2000000476837158"	"GGCAAGACAAGTGGGGGTGTGGTTG"	"1.2"
"85"	"343814"	"31"	"0.9677419066429138"	"0.9677419066429138"	"ACAAGTGGGGGTGTGGTTGTTTTGGTCAGAA"	"1.2,1.2,1.2,1.2,1.24,1.2,1.2"
"86"	"347325"	"38"	"-0.8947368264198303"	"0.8947368264198303"	"AAGGCTACACATCCCCAAAATCCCCAGTTCCTCTGTTT"	"-1.24,-1.24,-1.2,-1.28,-1.36,-1.4,-1.48,-1.48,-1.48,-1.48,-1.4,-1.4,-1.4,-1.24"
"87"	"353543"	"26"	"-1.192307710647583"	"1.192307710647583"	"ACCCCTTTGTCACCTTGGTGACCCCT"	"-1.24,-1.24"
"88"	"357024"	"25"	"-1.2000000476837158"	"1.2000000476837158"	"ACGCCCACTCTGACCCCTAAAAACC"	"-1.2"
"89"	"357026"	"28"	"-1.3214285373687744"	"1.3214285373687744"	"GCCCACTCTGACCCCTAAAAACCGCCCA"	"-1.24,-1.4,-1.4,-1.28"
"90"	"357037"	"26"	"-1.307692289352417"	"1.307692289352417"	"CCCCTAAAAACCGCCCAAATTAATCC"	"-1.24,-1.2"
"91"	"360881"	"29"	"-1.2068965435028076"	"1.2068965435028076"	"TAACCCAACCGGACCGCAGCCCCGCCCGA"	"-1.2,-1.32,-1.44,-1.4,-1.28"
"92"	"364257"	"25"	"-1.2000000476837158"	"1.2000000476837158"	"TCGCAACCTTCTTCCCCAGCGTCCC"	"-1.2"
"93"	"371333"	"26"	"1.1538461446762085"	"1.1538461446762085"	"TGCGGACGAGGAGAATGGGGAGAGGT"	"1.2,1.2"
"94"	"371336"	"25"	"1.2000000476837158"	"1.2000000476837158"	"GGACGAGGAGAATGGGGAGAGGTTT"	"1.2"
"95"	"376212"	"49"	"1.204081654548645"	"1.204081654548645"	"TGATGGGCGGTTTGGTGTGTCTGGGGGTGTGGGTGAGTATGTTGGTTGG"	"1.2,1.36,1.48,1.48,1.52,1.4,1.4,1.4,1.56,1.48,1.44,1.44,1.48,1.48,1.4,1.32,1.36,1.32,1.32,1.36,1.44,1.48,1.48,1.4,1.32"
"96"	"377505"	"25"	"1.2000000476837158"	"1.2000000476837158"	"GAAGGGGAAGGGCATTTCGAGTTGG"	"1.2"
"97"	"379140"	"25"	"1.2000000476837158"	"1.2000000476837158"	"TGGGGAATAAAATGAGACAGGAGGG"	"1.2"
"98"	"380658"	"28"	"1.1071428060531616"	"1.1071428060531616"	"GTCGCTGCCTATTAGGGGGGGACGGGAC"	"1.2,1.28,1.28,1.24"
"99"	"380667"	"31"	"1.1290322542190552"	"1.1290322542190552"	"TATTAGGGGGGGACGGGACCAAACTGGTTTT"	"1.24,1.32,1.4,1.4,1.4,1.4,1.24"
"100"	"383237"	"30"	"-1.100000023841858"	"1.100000023841858"	"AGCCGCCCAAAACTGTCACGCCCCCACTTT"	"-1.28,-1.28,-1.36,-1.28,-1.2,-1.24"
"101"	"385672"	"27"	"1.3703703880310059"	"1.3703703880310059"	"GGGAAGGTCAAACGATTGGGTTGGGGT"	"1.32,1.36,1.24"
"102"	"388578"	"27"	"1.2222222089767456"	"1.2222222089767456"	"TGGGCGAAAGGGAGAAAAGTGGAGGGA"	"1.2,1.32,1.2"
"103"	"388723"	"34"	"-0.970588207244873"	"0.970588207244873"	"AACTTGCATCCCCGTTTTGGCCCCCGTAACTTAC"	"-1.28,-1.24,-1.24,-1.2,-1.2,-1.24,-1.28,-1.24,-1.24,-1.28"
"104"	"388962"	"46"	"-1.08695650100708"	"1.08695650100708"	"TAGTTTCCAACACTTCCAACCCCCCATTTTCATTACCCCTTGCTAA"	"-1.32,-1.32,-1.32,-1.36,-1.36,-1.36,-1.4,-1.32,-1.24,-1.24,-1.24,-1.36,-1.52,-1.64,-1.8,-1.8,-1.72,-1.6,-1.64,-1.64,-1.48,-1.32"
"105"	"391241"	"27"	"1.1111111640930176"	"1.1111111640930176"	"ACGGAGTGGTGCAGGGCGTGGTGGGAT"	"1.2,1.2,1.24"
"106"	"391248"	"25"	"1.2000000476837158"	"1.2000000476837158"	"GGTGCAGGGCGTGGTGGGATATTGG"	"1.2"
"107"	"391263"	"46"	"1.04347825050354"	"1.04347825050354"	"GGGATATTGGCTGTTGATTCGGGGGGGAAGAGTATTGGTGAAGCGC"	"1.32,1.36,1.4,1.28,1.28,1.32,1.32,1.36,1.36,1.28,1.2,1.24,1.32,1.36,1.36,1.4,1.36,1.36,1.4,1.36,1.44,1.24"
"108"	"391597"	"29"	"1.3103448152542114"	"1.3103448152542114"	"TTGGGCGGTTTTAGGGGTCAGAGTGGGCG"	"1.28,1.4,1.52,1.36,1.28"
"109"	"391603"	"27"	"1.2592592239379883"	"1.2592592239379883"	"GGTTTTAGGGGTCAGAGTGGGCGTGGT"	"1.28,1.28,1.2"
"110"	"396053"	"25"	"-1.2000000476837158"	"1.2000000476837158"	"TCTAGCCCTGCCCGTTCCCTTCTCC"	"-1.2"
"111"	"396058"	"25"	"-1.2000000476837158"	"1.2000000476837158"	"CCCTGCCCGTTCCCTTCTCCGTCTA"	"-1.2"
"112"	"396236"	"34"	"-1.0"	"1.0"	"TTGCATCATCCCCTACGCCGCCCTCTCCAACTGA"	"-1.2,-1.2,-1.28,-1.4,-1.36,-1.36,-1.4,-1.36,-1.32,-1.32"
"113"	"396278"	"31"	"0.9354838728904724"	"0.9354838728904724"	"AAACAAGCAGGCGGAGGGGGGCTGTTGCACT"	"1.2,1.2,1.24,1.2,1.24,1.2,1.2"
"114"	"396286"	"26"	"1.1538461446762085"	"1.1538461446762085"	"AGGCGGAGGGGGGCTGTTGCACTCGT"	"1.2,1.2"
"115"	"396393"	"27"	"-1.2222222089767456"	"1.2222222089767456"	"ACCACCCAGCAAACCGACCTCCTCCCT"	"-1.2,-1.32,-1.24"
"116"	"396510"	"25"	"-1.2000000476837158"	"1.2000000476837158"	"CACCTCCTGGCCCTGTTACTACCCC"	"-1.2"
"117"	"396514"	"27"	"-1.2222222089767456"	"1.2222222089767456"	"TCCTGGCCCTGTTACTACCCCTGCCCA"	"-1.2,-1.32,-1.24"
"118"	"396519"	"28"	"-1.25"	"1.25"	"GCCCTGTTACTACCCCTGCCCAGCTCCT"	"-1.24,-1.4,-1.36,-1.24"
"119"	"401084"	"33"	"-1.2121212482452393"	"1.2121212482452393"	"TCACCCAGCCCCAATCCAGTCCAGTCCCTCGTT"	"-1.24,-1.36,-1.44,-1.56,-1.44,-1.36,-1.2,-1.2,-1.24"
"120"	"401981"	"41"	"-1.0243902206420898"	"1.0243902206420898"	"ACGACCTTTCCACTGCCCACCACCCACCCGCATCCGCAGAA"	"-1.2,-1.2,-1.28,-1.44,-1.56,-1.44,-1.4,-1.4,-1.4,-1.48,-1.48,-1.36,-1.4,-1.36,-1.32,-1.36,-1.24"
"121"	"402337"	"28"	"1.1428571939468384"	"1.1428571939468384"	"GATGCGGAGTTTGAACGGGGTAGGGAGA"	"1.24,1.2,1.24,1.24"
"122"	"402342"	"25"	"1.2000000476837158"	"1.2000000476837158"	"GGAGTTTGAACGGGGTAGGGAGACA"	"1.2"
"123"	"402452"	"42"	"1.0952380895614624"	"1.0952380895614624"	"TTTTACTGGGATAGGAGGGTAGGGTAGGGTTACTTGGGATGC"	"1.2,1.2,1.32,1.44,1.56,1.56,1.6,1.6,1.44,1.32,1.2,1.32,1.44,1.56,1.48,1.4,1.44,1.24"
"124"	"402495"	"37"	"0.8918918967247009"	"0.8918918967247009"	"GCATTCGGCCTGGGGAATGGGGTTGGTAACACTCTGA"	"1.32,1.36,1.4,1.4,1.4,1.36,1.4,1.28,1.2,1.24,1.32,1.36,1.2"
"125"	"406188"	"30"	"0.9666666388511658"	"0.9666666388511658"	"CAAATGTAGTTGGGGCAGAGGTGGGTTACT"	"1.2,1.24,1.24,1.24,1.2,1.2"
"126"	"406195"	"25"	"1.2000000476837158"	"1.2000000476837158"	"AGTTGGGGCAGAGGTGGGTTACTTG"	"1.2"
"127"	"407826"	"26"	"1.307692289352417"	"1.307692289352417"	"GGATTGTGGGCGTTAGAGTGGGTGGG"	"1.24,1.28"
"128"	"407829"	"26"	"1.1538461446762085"	"1.1538461446762085"	"TTGTGGGCGTTAGAGTGGGTGGGCGT"	"1.2,1.2"
"129"	"412112"	"35"	"1.0571428537368774"	"1.0571428537368774"	"CTGTGGTGCGGATGGGTTAGGTGGGGATGATTTTC"	"1.32,1.52,1.52,1.48,1.52,1.44,1.36,1.36,1.32,1.36,1.24"
"130"	"412147"	"39"	"1.076923131942749"	"1.076923131942749"	"TAAGGTTTGGCGTGGCTTGGGGTTGGGACGAGAGAATGG"	"1.2,1.32,1.44,1.44,1.32,1.28,1.28,1.32,1.32,1.28,1.2,1.24,1.2,1.28,1.28"
"131"	"412163"	"27"	"1.1111111640930176"	"1.1111111640930176"	"TTGGGGTTGGGACGAGAGAATGGCGCT"	"1.24,1.2,1.2"
"132"	"412188"	"33"	"0.9090909361839294"	"0.9090909361839294"	"CTAGATCTGGAGAGTGGGATTGGGGAATGCGCA"	"1.2,1.24,1.24,1.24,1.24,1.2,1.24,1.24,1.24"
"133"	"412201"	"27"	"1.2222222089767456"	"1.2222222089767456"	"GTGGGATTGGGGAATGCGCAATCGGGC"	"1.24,1.32,1.28"
"134"	"412222"	"28"	"1.1785714626312256"	"1.1785714626312256"	"TCGGGCTGTAGACTGGGATTTGGGGTGC"	"1.32,1.32,1.4,1.24"
"135"	"412280"	"25"	"-1.2000000476837158"	"1.2000000476837158"	"CCCATTCTCATACCATTGTCCCCTT"	"-1.2"
"136"	"414276"	"26"	"1.192307710647583"	"1.192307710647583"	"AGGTTAGGGAGGTCATGAGGGTGGTG"	"1.2,1.24"
"137"	"415069"	"26"	"1.192307710647583"	"1.192307710647583"	"AGGTTAGGGAGGTCATGAGGGTGGTG"	"1.2,1.24"
"138"	"418867"	"41"	"-1.3902438879013062"	"1.3902438879013062"	"ACTCACCCCTATCCCAAAAACTTGCCCCACCCAACCAACTA"	"-1.24,-1.4,-1.52,-1.68,-1.64,-1.76,-1.72,-1.68,-1.52,-1.36,-1.44,-1.52,-1.52,-1.4,-1.32,-1.2,-1.2"
"139"	"418887"	"25"	"-1.2000000476837158"	"1.2000000476837158"	"CTTGCCCCACCCAACCAACTAGTTC"	"-1.2"
"140"	"418890"	"27"	"-1.2222222089767456"	"1.2222222089767456"	"GCCCCACCCAACCAACTAGTTCTTCCT"	"-1.24,-1.36,-1.2"
"141"	"420781"	"27"	"-1.4074074029922485"	"1.4074074029922485"	"CCCCCTCAGAGTCCTGATCTGAACCCC"	"-1.2,-1.2,-1.2"
"142"	"426219"	"29"	"-1.0689655542373657"	"1.0689655542373657"	"AACACCCACACCCACCAACATCACCATCA"	"-1.2,-1.2,-1.2,-1.2,-1.2"
"143"	"426228"	"27"	"-1.2222222089767456"	"1.2222222089767456"	"ACCCACCAACATCACCATCACCACCCA"	"-1.2,-1.32,-1.2"
"144"	"426271"	"31"	"-1.0322580337524414"	"1.0322580337524414"	"CTAACGTCCATTTCCACCCCCATGCCGACTT"	"-1.2,-1.24,-1.2,-1.2,-1.24,-1.2,-1.24"
"145"	"426282"	"27"	"-1.1481481790542603"	"1.1481481790542603"	"TTCCACCCCCATGCCGACTTGGCCCAG"	"-1.28,-1.28,-1.24"
"146"	"426428"	"27"	"1.2222222089767456"	"1.2222222089767456"	"AGGAAGTGCTGGGGACGGAAAATGGGA"	"1.2,1.32,1.24"
"147"	"426432"	"32"	"1.125"	"1.125"	"AGTGCTGGGGACGGAAAATGGGATGGATGGCT"	"1.24,1.32,1.28,1.28,1.32,1.44,1.4,1.24"
"148"	"426992"	"40"	"1.25"	"1.25"	"CAGCGAACGGGGTTGGGTTAGCTGGGTAGTCGGGTTGGGC"	"1.2,1.36,1.36,1.32,1.4,1.36,1.32,1.44,1.6,1.56,1.4,1.24,1.2,1.32,1.44,1.28"
"149"	"427011"	"25"	"1.2000000476837158"	"1.2000000476837158"	"AGCTGGGTAGTCGGGTTGGGCAAGG"	"1.2"
"150"	"427052"	"30"	"1.0333333015441895"	"1.0333333015441895"	"TGCGAGTTGGGGTTGGGTCAGTTGGTTTAA"	"1.24,1.24,1.2,1.24,1.2,1.2"
"151"	"428498"	"32"	"-0.96875"	"0.96875"	"TTTCATTCCCAGAATACTCACCCCCATCAAGA"	"-1.24,-1.24,-1.24,-1.28,-1.24,-1.24,-1.2,-1.2"
"152"	"434980"	"26"	"-1.2692307233810425"	"1.2692307233810425"	"CCCACTCTAACGCCCTAAAACCACCC"	"-1.2,-1.2"
"153"	"435262"	"28"	"1.1071428060531616"	"1.1071428060531616"	"AATGGCGTGGGGGTTCACTTAAGGGATA"	"1.24,1.24,1.24,1.24"
"154"	"438696"	"27"	"-1.296296238899231"	"1.296296238899231"	"TCCCGGACCCCCCATCATCGTCATACC"	"-1.24,-1.32,-1.28"
"155"	"438701"	"27"	"-1.1481481790542603"	"1.1481481790542603"	"GACCCCCCATCATCGTCATACCACCAG"	"-1.28,-1.36,-1.32"
"156"	"439478"	"31"	"1.1612902879714966"	"1.1612902879714966"	"CTTTGGGGATAGATGAGATAAGGGGGTACTT"	"1.32,1.56,1.56,1.56,1.52,1.36,1.2"
"157"	"439487"	"31"	"1.0322580337524414"	"1.0322580337524414"	"TAGATGAGATAAGGGGGTACTTGGGTTGCTG"	"1.24,1.24,1.24,1.24,1.2,1.2,1.2"
"158"	"440400"	"35"	"-1.1142857074737549"	"1.1142857074737549"	"GATCCGCCTCCGCCACCCGACATCCCCATCATTAA"	"-1.2,-1.4,-1.56,-1.56,-1.48,-1.44,-1.48,-1.4,-1.32,-1.32,-1.24"
"159"	"440412"	"25"	"-1.2000000476837158"	"1.2000000476837158"	"CCACCCGACATCCCCATCATTAAAT"	"-1.2"
"160"	"440960"	"25"	"-1.2000000476837158"	"1.2000000476837158"	"TCCAACCTGCCCCATGCCTATCCAT"	"-1.2"
"161"	"441240"	"32"	"-1.125"	"1.125"	"AAATTTCCCGTCCCCGCTCCAACTCCGATTCC"	"-1.24,-1.32,-1.28,-1.28,-1.28,-1.28,-1.36,-1.32"
"162"	"443350"	"25"	"1.2400000095367432"	"1.2400000095367432"	"GCTGTTGTTGGGTTGGACTGCGGGG"	"1.24"
"163"	"458809"	"28"	"-1.1428571939468384"	"1.1428571939468384"	"CGTTCCCCTATGCAGCCGCCCTACCACA"	"-1.24,-1.2,-1.28,-1.28"
"164"	"465714"	"26"	"-1.1538461446762085"	"1.1538461446762085"	"TTTCATAATCCCCAATCGAGACCCCG"	"-1.28,-1.2"
"165"	"465721"	"28"	"-1.2857142686843872"	"1.2857142686843872"	"ATCCCCAATCGAGACCCCGGCAGTCCCA"	"-1.2,-1.32,-1.44,-1.28"
"166"	"465974"	"29"	"1.0689655542373657"	"1.0689655542373657"	"GAAAGGGACTGGGCGAGGAAAAGGGAAAT"	"1.24,1.2,1.2,1.2,1.2"
"167"	"470561"	"26"	"1.1538461446762085"	"1.1538461446762085"	"TTACTTGGGGAAATGTTGTGGGTGGA"	"1.2,1.2"
"168"	"470566"	"26"	"1.1538461446762085"	"1.1538461446762085"	"TGGGGAAATGTTGTGGGTGGACTCGA"	"1.2,1.2"
"169"	"481555"	"42"	"1.0"	"1.0"	"CGAGCGGTGGTGGTTTAGATGGGGGTGGTGGGTAAAGCCTCA"	"1.32,1.36,1.4,1.48,1.44,1.6,1.64,1.68,1.68,1.6,1.52,1.52,1.48,1.32,1.24,1.24,1.2,1.2"
"170"	"489110"	"26"	"1.1538461446762085"	"1.1538461446762085"	"AAGGGGCACTGGGGATGCTTCTGTTT"	"1.2,1.2"
"171"	"491103"	"34"	"1.1470588445663452"	"1.1470588445663452"	"CTGGCTAGGGTGTTTGGTGATGGGGGTGTGTTGC"	"1.32,1.52,1.52,1.48,1.4,1.48,1.48,1.48,1.4,1.24"
"172"	"492676"	"26"	"-1.1538461446762085"	"1.1538461446762085"	"ACACATTATCCCTTCCCCTATGCCAA"	"-1.2,-1.2"
"173"	"493992"	"42"	"0.9047619104385376"	"0.9047619104385376"	"TGACAGTTCTGGTCAAGGGGGGAGGAATGGTGAAGAGATTTA"	"1.24,1.24,1.2,1.2,1.32,1.4,1.36,1.4,1.4,1.44,1.48,1.4,1.36,1.36,1.4,1.4,1.4,1.24"
"174"	"502924"	"30"	"1.1333333253860474"	"1.1333333253860474"	"GCGGTGTCTGCACTGGGGTGGGCGGATGGC"	"1.24,1.2,1.24,1.24,1.24,1.2"
"175"	"502932"	"37"	"1.3513513803482056"	"1.3513513803482056"	"TGCACTGGGGTGGGCGGATGGCAAGTGATGGGAGGGA"	"1.24,1.24,1.24,1.28,1.28,1.44,1.56,1.52,1.36,1.32,1.28,1.4,1.28"
"176"	"506370"	"26"	"1.2307692766189575"	"1.2307692766189575"	"GGAGTTGTGAGGTGGGGATGAATAGG"	"1.2,1.2"
"177"	"506495"	"37"	"0.9459459185600281"	"0.9459459185600281"	"ACAGCAACGTGGGTGCGGGGGAGAGGTGTATTTTGTT"	"1.24,1.32,1.36,1.4,1.36,1.4,1.4,1.4,1.44,1.4,1.44,1.32,1.2"
"178"	"507720"	"48"	"-1.125"	"1.125"	"CTCGCCCAACATCACCGACCGACCCCCCCTTACCAACAACACAACGAC"	"-1.2,-1.32,-1.48,-1.6,-1.8,-1.68,-1.56,-1.44,-1.52,-1.6,-1.56,-1.56,-1.6,-1.56,-1.56,-1.52,-1.44,-1.52,-1.52,-1.44,-1.4,-1.4,-1.4,-1.28"
"179"	"508636"	"44"	"-1.2727272510528564"	"1.2727272510528564"	"TGAGTGCTCCCGCAACCCCCACAGCCCCACCCTCACGTCACATC"	"-1.24,-1.4,-1.6,-1.76,-1.8,-1.92,-2.08,-2.16,-2.16,-2.08,-1.96,-1.88,-1.88,-1.84,-1.88,-1.88,-1.76,-1.6,-1.44,-1.32"
"180"	"508660"	"25"	"-1.2000000476837158"	"1.2000000476837158"	"CCCCACCCTCACGTCACATCTTTCT"	"-1.2"
"181"	"510775"	"32"	"1.15625"	"1.15625"	"GTTTGTGGGCGTTAGAGTGGGCGGGGCATAAG"	"1.32,1.44,1.4,1.4,1.4,1.36,1.36,1.28"
"182"	"515774"	"26"	"1.307692289352417"	"1.307692289352417"	"GGGCGTTTTGTAGGCGAATGGAGGGG"	"1.2,1.24"
"183"	"516421"	"26"	"-1.3461538553237915"	"1.3461538553237915"	"CCCCAATGCAATACAACTCCCGTCCC"	"-1.28,-1.24"
"184"	"517524"	"30"	"-1.0"	"1.0"	"ATTGCACCTTCCCTTACCACCACCCTTATA"	"-1.2,-1.2,-1.2,-1.2,-1.24,-1.2"
"185"	"519856"	"29"	"1.2068965435028076"	"1.2068965435028076"	"GACGGATGAGGTTCGGCGGAGTGGGGATG"	"1.2,1.24,1.24,1.28,1.24"
"186"	"522782"	"34"	"-1.1470588445663452"	"1.1470588445663452"	"TTCCAAGCCCATGTCCCGATCACCCCGACCTTAA"	"-1.28,-1.44,-1.4,-1.32,-1.32,-1.4,-1.4,-1.44,-1.32,-1.2"
"187"	"522974"	"26"	"-1.2692307233810425"	"1.2692307233810425"	"CCCTGCCCGTATCACCCAGCGCCTCC"	"-1.24,-1.2"
"188"	"523140"	"26"	"1.1538461446762085"	"1.1538461446762085"	"TGGGGTCTCAGTCCTATTACGGGGGA"	"1.2,1.2"
"189"	"523158"	"29"	"1.2758620977401733"	"1.2758620977401733"	"ACGGGGGATGGATAGGTTTTTATGGATGG"	"1.24,1.24,1.28,1.24,1.2"
"190"	"525693"	"30"	"1.2999999523162842"	"1.2999999523162842"	"CATGGGGATTGGAATGGCAATGGGAATGGG"	"1.2,1.28,1.28,1.4,1.36,1.32"
"191"	"528084"	"37"	"-0.9729729890823364"	"0.9729729890823364"	"CCGACGCGACGCCGAACCCCAAACCCCGAACTGAAAG"	"-1.2,-1.28,-1.36,-1.36,-1.36,-1.32,-1.4,-1.36,-1.36,-1.36,-1.32,-1.36,-1.24"
"192"	"528098"	"27"	"-1.2222222089767456"	"1.2222222089767456"	"AACCCCAAACCCCGAACTGAAAGACCG"	"-1.28,-1.36,-1.32"
"193"	"529311"	"30"	"1.100000023841858"	"1.100000023841858"	"AGTGTGGGCGGGGCAGCTTTGGTCGGTTTG"	"1.2,1.28,1.24,1.24,1.2,1.24"
"194"	"529320"	"25"	"1.2799999713897705"	"1.2799999713897705"	"GGGGCAGCTTTGGTCGGTTTGAGGG"	"1.28"
"195"	"531232"	"25"	"-1.2000000476837158"	"1.2000000476837158"	"CCTATGTCCCTCGATTCCCAATCCC"	"-1.2"
"196"	"534495"	"25"	"-1.2000000476837158"	"1.2000000476837158"	"ACTTCAGTCCATCCACGACCCCCAC"	"-1.2"
"197"	"534497"	"36"	"-1.0"	"1.0"	"TTCAGTCCATCCACGACCCCCACGCCGCCACAACGA"	"-1.2,-1.28,-1.24,-1.28,-1.36,-1.4,-1.44,-1.36,-1.28,-1.32,-1.28,-1.2"
"198"	"541597"	"36"	"-1.0833333730697632"	"1.0833333730697632"	"GTTCCTACGCCCTCTCTAACGCCCCCCAAACTGCAA"	"-1.2,-1.4,-1.56,-1.56,-1.48,-1.4,-1.44,-1.44,-1.36,-1.44,-1.32,-1.2"
"199"	"541615"	"29"	"-1.1724138259887695"	"1.1724138259887695"	"ACGCCCCCCAAACTGCAACGTCCACACCT"	"-1.2,-1.2,-1.24,-1.36,-1.2"
"200"	"546031"	"29"	"1.137930989265442"	"1.137930989265442"	"ATGTGGGTGAGGTGGATGAGGATGGGAAA"	"1.2,1.32,1.32,1.28,1.28"
"201"	"546390"	"25"	"1.2400000095367432"	"1.2400000095367432"	"GGTTTTGTTGATGTGGTTGGAGGGG"	"1.24"
"202"	"546403"	"26"	"1.1538461446762085"	"1.1538461446762085"	"TGGTTGGAGGGGATGTTGATGCTGGT"	"1.2,1.2"
"203"	"546589"	"29"	"1.0689655542373657"	"1.0689655542373657"	"AGATGGGGAGGAATTCTGATGGGTTTGAT"	"1.2,1.2,1.2,1.2,1.2"
"204"	"547240"	"27"	"1.1111111640930176"	"1.1111111640930176"	"AAGGTGAGACGGTGGGGGCGTATTGTA"	"1.2,1.2,1.2"
"205"	"585486"	"27"	"1.3703703880310059"	"1.3703703880310059"	"GGGTGGGTTCTCTAGGGCTTTGGAGGG"	"1.24,1.24,1.24"
"206"	"585498"	"26"	"1.192307710647583"	"1.192307710647583"	"TAGGGCTTTGGAGGGTTTGCAGGGTG"	"1.2,1.24"
"207"	"588603"	"32"	"-1.0625"	"1.0625"	"AAAATGCCCCGCGATCATGCCCCGCCTGCAAC"	"-1.24,-1.32,-1.32,-1.28,-1.32,-1.32,-1.36,-1.24"
"208"	"599782"	"25"	"1.2000000476837158"	"1.2000000476837158"	"GGGGGTGGTGGAGACATGCAGATGA"	"1.2"
"209"	"601666"	"27"	"1.1481481790542603"	"1.1481481790542603"	"TAGGCATTCAGGAAGGCGGGGGATGGC"	"1.24,1.32,1.24"
"210"	"601817"	"26"	"1.307692289352417"	"1.307692289352417"	"GGCTGGGGCATTTGTTCGATCTGGGG"	"1.2,1.28"
"211"	"601820"	"25"	"1.2000000476837158"	"1.2000000476837158"	"TGGGGCATTTGTTCGATCTGGGGCT"	"1.2"
"212"	"605661"	"26"	"1.1538461446762085"	"1.1538461446762085"	"AGGCGGAAGTGGTTGTATAGGGGTGA"	"1.2,1.2"
"213"	"605891"	"28"	"-1.0714285373687744"	"1.0714285373687744"	"TAACCGATAGAACCTCCCCATGCCCATT"	"-1.2,-1.2,-1.2,-1.2"
"214"	"605898"	"26"	"-1.1538461446762085"	"1.1538461446762085"	"TAGAACCTCCCCATGCCCATTGTCCA"	"-1.2,-1.2"
"215"	"605901"	"31"	"-1.2580645084381104"	"1.2580645084381104"	"AACCTCCCCATGCCCATTGTCCAGTCCCATT"	"-1.2,-1.32,-1.44,-1.48,-1.4,-1.4,-1.24"
"216"	"607059"	"27"	"1.1481481790542603"	"1.1481481790542603"	"CGGATAAGGCAATGTGTAGGGGGTGGC"	"1.2,1.32,1.2"
"217"	"607739"	"43"	"-0.930232584476471"	"0.930232584476471"	"TGCACCACAAACCATAAACCCCACCCCGAAAATCTGAGCATGC"	"-1.32,-1.48,-1.68,-1.6,-1.6,-1.52,-1.44,-1.44,-1.4,-1.44,-1.44,-1.4,-1.32,-1.2,-1.24,-1.24,-1.24,-1.2,-1.24"
"218"	"614856"	"29"	"-1.034482717514038"	"1.034482717514038"	"AGTGCCCCGATCCCCATCATTTATTTATA"	"-1.2,-1.2,-1.24,-1.24,-1.28"
"219"	"623476"	"27"	"1.1481481790542603"	"1.1481481790542603"	"GAAGGAGTACAGCATGGACGGGGGGCT"	"1.28,1.2,1.2"
"220"	"623533"	"33"	"1.121212124824524"	"1.121212124824524"	"TGCAGTAGGGCGTGGTGGTGGGCGGGATTGTGA"	"1.28,1.4,1.36,1.4,1.4,1.4,1.4,1.44,1.32"
"221"	"623546"	"25"	"1.2400000095367432"	"1.2400000095367432"	"GGTGGTGGGCGGGATTGTGACGTGG"	"1.24"
"222"	"623549"	"25"	"1.2400000095367432"	"1.2400000095367432"	"GGTGGGCGGGATTGTGACGTGGTGG"	"1.24"
"223"	"626070"	"37"	"-0.9729729890823364"	"0.9729729890823364"	"TTAGTCTCATACCCCCACACACACCCACACATCTGCA"	"-1.2,-1.32,-1.32,-1.36,-1.4,-1.44,-1.4,-1.4,-1.4,-1.4,-1.36,-1.4,-1.24"
"224"	"628646"	"27"	"1.1111111640930176"	"1.1111111640930176"	"CTGGGAGTATCGGTAGAAGTTGGGGAA"	"1.2,1.24,1.24"
"225"	"635868"	"31"	"-1.3548387289047241"	"1.3548387289047241"	"GCCCACCTCACGCCCAAAAACTGCCCCTTCC"	"-1.2,-1.4,-1.44,-1.32,-1.2,-1.28,-1.28"
"226"	"637731"	"27"	"1.2592592239379883"	"1.2592592239379883"	"GAGGAGGAAAACTCGTGGGACGGGGGC"	"1.28,1.4,1.32"
"227"	"641829"	"36"	"-0.9722222089767456"	"0.9722222089767456"	"TATATGCCACGCCCACTCTAACCCCCACAAATAAAT"	"-1.2,-1.36,-1.36,-1.4,-1.4,-1.4,-1.44,-1.36,-1.28,-1.28,-1.24,-1.28"
"228"	"642302"	"27"	"-1.2592592239379883"	"1.2592592239379883"	"GCCCCCGTCCCACGAGTTTTCCTCCTC"	"-1.32,-1.4,-1.28"
"229"	"642969"	"25"	"-1.2000000476837158"	"1.2000000476837158"	"CCAGCTCCCCGACTATCAGACACCC"	"-1.2"
"230"	"644446"	"39"	"1.3333333730697632"	"1.3333333730697632"	"GTGTGGGTGTGGTGGGCGGTGTATGGGGGTTAAAGTGTG"	"1.32,1.44,1.6,1.72,1.88,1.76,1.64,1.52,1.52,1.48,1.52,1.44,1.4,1.4,1.32"
"231"	"654201"	"38"	"-1.0789474248886108"	"1.0789474248886108"	"ATCATAGCAAACCCCATCAATACCCCCGATCCTTATTT"	"-1.2,-1.36,-1.52,-1.44,-1.44,-1.44,-1.52,-1.64,-1.6,-1.6,-1.6,-1.6,-1.44,-1.28"
"232"	"656582"	"35"	"-1.0285714864730835"	"1.0285714864730835"	"CCTAGATCAACCCCATCCACCACGCCCGCAGCAGT"	"-1.24,-1.28,-1.32,-1.28,-1.32,-1.36,-1.32,-1.36,-1.32,-1.28,-1.28"
"233"	"659085"	"29"	"-1.2068965435028076"	"1.2068965435028076"	"CTGCCCAACCGGCAGAATCCCCACCCACA"	"-1.24,-1.32,-1.32,-1.4,-1.28"
"234"	"666737"	"28"	"-1.0714285373687744"	"1.0714285373687744"	"GCGCCTCCCCCCATCAAAATACTACAAA"	"-1.2,-1.24,-1.2,-1.24"
"235"	"666743"	"25"	"-1.2400000095367432"	"1.2400000095367432"	"CCCCCCATCAAAATACTACAAATCC"	"-1.24"
"236"	"668601"	"28"	"1.3214285373687744"	"1.3214285373687744"	"ATGGGGTAAAATGGTATTAGTAGGGGAT"	"1.32,1.48,1.48,1.32"
"237"	"671281"	"39"	"-1.1025640964508057"	"1.1025640964508057"	"CCTGCGTACCTCCACCCTCAACCCTCCACCATCTTTCCA"	"-1.2,-1.2,-1.2,-1.2,-1.32,-1.36,-1.4,-1.4,-1.44,-1.36,-1.28,-1.28,-1.28,-1.28,-1.28"
"238"	"672034"	"46"	"1.2391303777694702"	"1.2391303777694702"	"TTTGTTTAGAGGCGTGGGGGTTTAGGGGGTGGGGTGGTAACTCCTC"	"1.2,1.36,1.52,1.68,1.8,1.8,1.96,2.12,2.28,2.4,2.4,2.4,2.4,2.44,2.4,2.4,2.2,2.04,1.8,1.56,1.4,1.24"
"239"	"672068"	"33"	"-0.8787878751754761"	"0.8787878751754761"	"TGGTAACTCCTCCCCCCCCAGTTCGAAGTGACG"	"-1.28,-1.28,-1.36,-1.4,-1.4,-1.36,-1.36,-1.36,-1.28"
"240"	"672079"	"25"	"-1.2000000476837158"	"1.2000000476837158"	"CCCCCCCCAGTTCGAAGTGACGGCC"	"-1.2"
"241"	"673341"	"29"	"-1.2413792610168457"	"1.2413792610168457"	"ACTCCCCAATCCGTTAATCAAACCCCGTT"	"-1.32,-1.48,-1.4,-1.4,-1.24"
"242"	"675003"	"30"	"1.0"	"1.0"	"ATTAAGGGGTTTCTCTGAGATGGGGCAAAC"	"1.28,1.24,1.24,1.24,1.24,1.2"
"243"	"676220"	"26"	"1.1538461446762085"	"1.1538461446762085"	"AGACGGGGGCGCTCCACGGGGAATAA"	"1.2,1.2"
"244"	"676224"	"25"	"1.2400000095367432"	"1.2400000095367432"	"GGGGGCGCTCCACGGGGAATAACTG"	"1.24"
"245"	"676500"	"40"	"0.9750000238418579"	"0.9750000238418579"	"CGCTGCGGAGTTTTGGGGCTGTGGGGTGTCTGAAGTGATA"	"1.28,1.48,1.44,1.52,1.52,1.44,1.48,1.44,1.36,1.36,1.36,1.36,1.4,1.4,1.4,1.24"
"246"	"677121"	"27"	"1.1111111640930176"	"1.1111111640930176"	"CAGGGGGTTTGTCTGGGATAGTTTGAT"	"1.2,1.24,1.24"
"247"	"677159"	"28"	"1.1428571939468384"	"1.1428571939468384"	"GAAGCGAGGGGTTGTGCGTGGCTGGGCT"	"1.2,1.24,1.2,1.2"
"248"	"677164"	"25"	"1.2000000476837158"	"1.2000000476837158"	"GAGGGGTTGTGCGTGGCTGGGCTTA"	"1.2"
"249"	"677166"	"25"	"1.2000000476837158"	"1.2000000476837158"	"GGGGTTGTGCGTGGCTGGGCTTATG"	"1.2"
"250"	"678110"	"41"	"1.2682926654815674"	"1.2682926654815674"	"AGTGGGCGCCAGAGGGGATGGAGTGGGGCGGGCAGAATCGT"	"1.28,1.44,1.56,1.72,1.56,1.56,1.56,1.72,1.64,1.72,1.84,1.84,1.8,1.8,1.6,1.48,1.32"
"251"	"678162"	"32"	"1.25"	"1.25"	"ATATTGGGGGTTTGGGAAGATATTGATTTGGG"	"1.24,1.24,1.24,1.24,1.24,1.36,1.32,1.28"
"252"	"678220"	"26"	"1.115384578704834"	"1.115384578704834"	"CAGGACGTCTAACGGGATGTGGGGGC"	"1.24,1.2"
"253"	"680143"	"52"	"1.326923131942749"	"1.326923131942749"	"TTTGTTTAGAGGCGTGGGGGTTTAGGGGGTGGGGTGGTAACTAGCGCGGTAT"	"1.2,1.36,1.52,1.68,1.8,1.8,1.96,2.12,2.28,2.4,2.4,2.4,2.4,2.44,2.4,2.4,2.2,2.04,1.88,1.76,1.56,1.6,1.56,1.64,1.72,1.56,1.4,1.24"
"254"	"684065"	"25"	"-1.2000000476837158"	"1.2000000476837158"	"CCCCTACTAGCACCTATAATCCGCC"	"-1.2"
"255"	"684811"	"30"	"-1.0333333015441895"	"1.0333333015441895"	"CAGTTCCCCGCATGTCAGGTCCCCCTTGTA"	"-1.28,-1.24,-1.24,-1.24,-1.24,-1.24"
"256"	"690655"	"54"	"1.4444444179534912"	"1.4444444179534912"	"GGTTGGCTTATTAGTAAAAGGGGGGGGGGGGGGGGGTTGACATTATGAGTTTAT"	"1.28,1.36,1.44,1.6,1.76,1.84,1.92,2.12,2.28,2.44,2.6,2.76,2.76,2.76,2.76,2.76,2.72,2.72,2.72,2.72,2.56,2.4,2.28,2.12,2.0,1.84,1.68,1.52,1.36,1.2"
"257"	"698819"	"43"	"1.209302306175232"	"1.209302306175232"	"CAAAAGTGCGGGCGTGGGGTTATGGGTTATGGGGTTATGTTGA"	"1.24,1.4,1.4,1.4,1.4,1.4,1.52,1.68,1.8,2.0,1.88,1.76,1.64,1.68,1.68,1.68,1.52,1.4,1.24"
"258"	"698842"	"26"	"1.3461538553237915"	"1.3461538553237915"	"GGGTTATGGGGTTATGTTGACATGGG"	"1.28,1.28"
"259"	"700202"	"25"	"1.2000000476837158"	"1.2000000476837158"	"AGCTGGGCACTCTACGGGTAAGGGG"	"1.2"
"260"	"701210"	"25"	"1.2000000476837158"	"1.2000000476837158"	"TGGGTGTGCGTGGTCGGTGGTCGGG"	"1.2"
"261"	"701318"	"25"	"-1.2000000476837158"	"1.2000000476837158"	"CCCCCCGTGAGCGTGAAGCACCCAC"	"-1.2"
"262"	"702021"	"46"	"-1.08695650100708"	"1.08695650100708"	"CTAGACGCCCCTTTTCTCGTTCCCCACCCCTAAATACCATTGCGTG"	"-1.32,-1.28,-1.44,-1.6,-1.8,-1.96,-1.92,-1.96,-1.8,-1.64,-1.48,-1.32,-1.4,-1.48,-1.48,-1.48,-1.44,-1.4,-1.4,-1.4,-1.4,-1.32"
"263"	"702759"	"28"	"-1.1785714626312256"	"1.1785714626312256"	"TACCCGCCTACCCAGACTTCCATCCCGT"	"-1.24,-1.36,-1.32,-1.2"
"264"	"703929"	"27"	"1.1481481790542603"	"1.1481481790542603"	"TTATGGGATGGTGGCTGGTGGGTGTGA"	"1.2,1.24,1.24"
"265"	"703987"	"35"	"-1.0571428537368774"	"1.0571428537368774"	"CAACCGTACGCCCACACCCAGCTCCCCTCGATATG"	"-1.24,-1.36,-1.52,-1.52,-1.48,-1.36,-1.4,-1.4,-1.4,-1.36,-1.32"
"266"	"704171"	"52"	"1.307692289352417"	"1.307692289352417"	"AACATGTGTGTAATTGCTGGGGGGGGGGGGGGTGTGGCACTGGGCGACTTCT"	"1.2,1.36,1.52,1.72,1.88,2.04,2.16,2.32,2.28,2.32,2.28,2.36,2.44,2.4,2.4,2.36,2.32,2.48,2.6,2.56,2.36,2.24,2.08,1.88,1.72,1.56,1.36,1.2"
"267"	"704615"	"27"	"1.0740740299224854"	"1.0740740299224854"	"CAGGGGGGTGCTGGCCAGCCGAGGGTC"	"1.2,1.24,1.2"
"268"	"711587"	"29"	"1.137930989265442"	"1.137930989265442"	"AGTCGGGGTGGTCACGGTGGTGGTGGCGC"	"1.28,1.36,1.28,1.32,1.32"
"269"	"714094"	"25"	"1.2000000476837158"	"1.2000000476837158"	"TCCGGGGAGGGTAGTGAACAGGAGG"	"1.2"
"270"	"714096"	"27"	"1.185185194015503"	"1.185185194015503"	"CGGGGAGGGTAGTGAACAGGAGGCGAT"	"1.28,1.36,1.2"
"271"	"714222"	"33"	"-0.939393937587738"	"0.939393937587738"	"CCTAGGAACCCGATCCAGCCACCCCCAGCTGGT"	"-1.24,-1.32,-1.24,-1.2,-1.24,-1.32,-1.32,-1.24,-1.24"
"272"	"714330"	"25"	"-1.2000000476837158"	"1.2000000476837158"	"CCCCACCTCTCTTAGCGAAATACCC"	"-1.2"
"273"	"715602"	"36"	"-1.1388888359069824"	"1.1388888359069824"	"TGCTCGACCTCCCCCGAACCACTTCCCAAAGCTTCC"	"-1.24,-1.36,-1.52,-1.48,-1.48,-1.44,-1.44,-1.48,-1.4,-1.32,-1.4,-1.32"
"274"	"715781"	"30"	"1.2333333492279053"	"1.2333333492279053"	"GTGAGGGTGGTTGTGGTTAGGGATGGGTTC"	"1.28,1.36,1.48,1.44,1.44,1.28"
"275"	"715840"	"25"	"1.2000000476837158"	"1.2000000476837158"	"GATTGGATGCTGGGAGTCTTAGGGG"	"1.2"
"276"	"715842"	"25"	"1.2000000476837158"	"1.2000000476837158"	"TTGGATGCTGGGAGTCTTAGGGGTG"	"1.2"
"277"	"716761"	"28"	"1.1785714626312256"	"1.1785714626312256"	"GTGGCAGATTTGGGCGGTTTTGGGGCGT"	"1.32,1.24,1.28,1.2"
"278"	"716766"	"25"	"1.2000000476837158"	"1.2000000476837158"	"AGATTTGGGCGGTTTTGGGGCGTTG"	"1.2"
"279"	"718691"	"28"	"1.1428571939468384"	"1.1428571939468384"	"GCTGGGATCGGTGGGACTGGAGGAGGAT"	"1.2,1.24,1.28,1.28"
"280"	"720424"	"33"	"-1.0909091234207153"	"1.0909091234207153"	"CCGTGCCACATGACCCTACGACCCCCTCCGATG"	"-1.24,-1.32,-1.24,-1.36,-1.44,-1.44,-1.36,-1.28,-1.2"
"281"	"720436"	"28"	"-1.3214285373687744"	"1.3214285373687744"	"ACCCTACGACCCCCTCCGATGGCTCCCG"	"-1.28,-1.4,-1.4,-1.24"
"282"	"720442"	"25"	"-1.2000000476837158"	"1.2000000476837158"	"CGACCCCCTCCGATGGCTCCCGCTC"	"-1.2"
"283"	"720444"	"27"	"-1.2592592239379883"	"1.2592592239379883"	"ACCCCCTCCGATGGCTCCCGCTCACCA"	"-1.28,-1.36,-1.2"
"284"	"720578"	"25"	"-1.2000000476837158"	"1.2000000476837158"	"CTGCCTACGCGTTGCCACCGCCCCC"	"-1.2"
"285"	"720581"	"25"	"-1.2000000476837158"	"1.2000000476837158"	"CCTACGCGTTGCCACCGCCCCCTAT"	"-1.2"
"286"	"720665"	"28"	"-1.0357142686843872"	"1.0357142686843872"	"TGACCCCACATCACACCATAGCCCAAGA"	"-1.2,-1.2,-1.2,-1.2"
"287"	"730049"	"50"	"-1.2799999713897705"	"1.2799999713897705"	"CCAATTTTCCACACACCCTTCCTCCCCTCCACACCCATCCACACCACTAC"	"-1.24,-1.32,-1.4,-1.4,-1.48,-1.56,-1.56,-1.6,-1.6,-1.64,-1.68,-1.8,-1.76,-1.76,-1.8,-1.88,-1.76,-1.68,-1.56,-1.64,-1.72,-1.64,-1.6,-1.6,-1.44,-1.32"
"288"	"734682"	"34"	"-0.9411764740943909"	"0.9411764740943909"	"ATATGAAACCATTTCCCCATTTCCCCTGAAGCAG"	"-1.24,-1.4,-1.4,-1.36,-1.36,-1.4,-1.36,-1.4,-1.4,-1.24"
"289"	"736975"	"25"	"-1.2000000476837158"	"1.2000000476837158"	"AATCCACACCATCCATTATCACCCC"	"-1.2"
"290"	"745524"	"25"	"-1.2400000095367432"	"1.2400000095367432"	"CCCACCTACACTTTTACGAAACCCC"	"-1.24"
"291"	"748962"	"30"	"-1.0666667222976685"	"1.0666667222976685"	"CAGGCCCCTCCGAGCCTTCCCAACCAACTG"	"-1.28,-1.24,-1.24,-1.36,-1.44,-1.24"
"292"	"751423"	"26"	"-1.307692289352417"	"1.307692289352417"	"CCCCCATCAGATGCTAGTGTTCCCCA"	"-1.36,-1.2"
"293"	"751714"	"29"	"-1.0689655542373657"	"1.0689655542373657"	"AATTCCCACACCTACCCAAACGCCCAAGA"	"-1.28,-1.28,-1.28,-1.24,-1.24"
"294"	"751828"	"41"	"-0.7804877758026123"	"0.7804877758026123"	"CAAATCAAAATAAATTCCCACCCCCACACTTATTATGAAAT"	"-1.24,-1.2,-1.24,-1.24,-1.28,-1.28,-1.24,-1.24,-1.24,-1.24,-1.24,-1.24,-1.2,-1.2,-1.2,-1.2,-1.2"
"295"	"760276"	"34"	"-0.970588207244873"	"0.970588207244873"	"GTGGCTCGCCCCAAAAACACACCCCCAAAAATAG"	"-1.2,-1.4,-1.4,-1.48,-1.56,-1.52,-1.52,-1.48,-1.52,-1.32"
"296"	"764214"	"26"	"-1.1538461446762085"	"1.1538461446762085"	"TCACGTACCCTACCTAGCTTTCCCCA"	"-1.2,-1.2"
"297"	"764218"	"30"	"-1.2333333492279053"	"1.2333333492279053"	"GTACCCTACCTAGCTTTCCCCAAGCCCAAC"	"-1.2,-1.36,-1.48,-1.48,-1.36,-1.28"
"298"	"764720"	"27"	"-1.185185194015503"	"1.185185194015503"	"ATCCCTTTGATATCCCCAATACTCCCG"	"-1.24,-1.36,-1.28"
"299"	"764729"	"30"	"-1.2000000476837158"	"1.2000000476837158"	"ATATCCCCAATACTCCCGGTATTCCCCATG"	"-1.2,-1.36,-1.52,-1.52,-1.52,-1.28"
"300"	"768049"	"31"	"-1.0322580337524414"	"1.0322580337524414"	"ATCGTCCAGATCCCCCACGATTCCCTTTAAT"	"-1.28,-1.28,-1.28,-1.24,-1.28,-1.28,-1.2"
"301"	"770206"	"32"	"-1.0625"	"1.0625"	"CCAAGCACACTAGTACCCCCATACCCTCTGTT"	"-1.24,-1.28,-1.2,-1.24,-1.24,-1.24,-1.2,-1.2"
"302"	"774034"	"28"	"-1.1071428060531616"	"1.1071428060531616"	"AGCCAATTAAGCCAGCTCCCCTCCCAAT"	"-1.24,-1.24,-1.28,-1.2"
"303"	"774047"	"27"	"-1.1481481790542603"	"1.1481481790542603"	"AGCTCCCCTCCCAATAGTGACATCCCG"	"-1.2,-1.32,-1.28"
"304"	"774051"	"25"	"-1.2000000476837158"	"1.2000000476837158"	"CCCCTCCCAATAGTGACATCCCGGC"	"-1.2"
"305"	"784704"	"25"	"-1.2000000476837158"	"1.2000000476837158"	"CCCATACCATGATGTTTGATCCCCC"	"-1.2"
"306"	"791973"	"26"	"-1.307692289352417"	"1.307692289352417"	"CCCCTTTCTTCAAATATTTAACCCCA"	"-1.36,-1.2"
"307"	"794213"	"25"	"1.2000000476837158"	"1.2000000476837158"	"GGGCGAGGTGAGCCGATGGGGAAAG"	"1.2"
"308"	"800366"	"29"	"1.0689655542373657"	"1.0689655542373657"	"GAACGGGAACGGGATAGGGATGGATGAGC"	"1.2,1.2,1.2,1.24,1.24"
"309"	"801354"	"29"	"1.482758641242981"	"1.482758641242981"	"TGGGGGATAGAAGAACTGCTGAGGGGGTG"	"1.36,1.52,1.52,1.36,1.24"
"310"	"802747"	"39"	"-1.1025640964508057"	"1.1025640964508057"	"ATCTGCAGGACCCCCCATTGCCGCCCCTTCTCGTTTCTC"	"-1.24,-1.4,-1.56,-1.52,-1.52,-1.6,-1.56,-1.6,-1.64,-1.72,-1.72,-1.56,-1.44,-1.28,-1.2"
"311"	"807904"	"25"	"1.2000000476837158"	"1.2000000476837158"	"GGGGATCGAAGTGAATGTGTGTGGG"	"1.2"
"312"	"808024"	"48"	"-1.1041666269302368"	"1.1041666269302368"	"TCTCTCTCTTACTCGGCCCCATCCCCCTTCCCCATAGAACTGCTTTTG"	"-1.2,-1.36,-1.48,-1.48,-1.44,-1.6,-1.72,-1.88,-2.0,-2.0,-2.0,-2.0,-1.92,-1.92,-1.88,-2.0,-2.08,-1.88,-1.76,-1.6,-1.44,-1.44,-1.44,-1.24"
"313"	"809950"	"27"	"-1.1111111640930176"	"1.1111111640930176"	"TTCCATCCCCAAAATCCACTTCCTCAT"	"-1.2,-1.2,-1.2"
"314"	"809956"	"25"	"-1.2000000476837158"	"1.2000000476837158"	"CCCCAAAATCCACTTCCTCATTCAC"	"-1.2"
"315"	"810712"	"33"	"-1.121212124824524"	"1.121212124824524"	"TTTTCCACCGACCCACCTTCAACCCATCCCTAG"	"-1.2,-1.2,-1.2,-1.32,-1.44,-1.48,-1.4,-1.4,-1.24"
"316"	"815898"	"29"	"1.1724138259887695"	"1.1724138259887695"	"TTTGGGGAATGGTGGTTGTTGGATGTTGG"	"1.2,1.2,1.2,1.28,1.2"
"317"	"816739"	"28"	"-1.1071428060531616"	"1.1071428060531616"	"ACGCCCACAAAACTCCCACGCCCACACT"	"-1.2,-1.2,-1.2,-1.24"
"318"	"816927"	"31"	"1.1290322542190552"	"1.1290322542190552"	"AAGGAAGGGGTATCTGATAGTTGGGGAACTC"	"1.32,1.48,1.48,1.4,1.28,1.28,1.24"
"319"	"821167"	"26"	"-1.1538461446762085"	"1.1538461446762085"	"TACTTAATGCCCCGAATAACTCCCCG"	"-1.28,-1.2"
"320"	"823304"	"31"	"-1.1290322542190552"	"1.1290322542190552"	"TCCACGCCCACCCTGACCCATAAAACCACTT"	"-1.2,-1.28,-1.28,-1.2,-1.24,-1.2,-1.24"
"321"	"828635"	"47"	"-1.021276593208313"	"1.021276593208313"	"TCAAATCGCCCTCCTAACCAATCCCCTCTATACCCACTCCGCAAATG"	"-1.2,-1.36,-1.32,-1.36,-1.36,-1.36,-1.36,-1.32,-1.48,-1.48,-1.48,-1.36,-1.4,-1.32,-1.32,-1.4,-1.36,-1.4,-1.32,-1.24,-1.24,-1.24,-1.2"
"322"	"830519"	"42"	"0.8571428656578064"	"0.8571428656578064"	"TGATTAAAATCAGAGTGGGTGGGGGAGTGTAAATCATATAGG"	"1.24,1.24,1.24,1.24,1.28,1.28,1.28,1.28,1.28,1.28,1.24,1.28,1.28,1.24,1.24,1.2,1.28,1.24"
"323"	"833125"	"43"	"-0.9534883499145508"	"0.9534883499145508"	"ATCGTTGCCTCAGACCTCCCTCCCCTTCCCGAAAGATATTCTC"	"-1.28,-1.28,-1.28,-1.36,-1.52,-1.64,-1.6,-1.64,-1.56,-1.48,-1.44,-1.4,-1.4,-1.44,-1.44,-1.36,-1.32,-1.32,-1.24"
"324"	"836672"	"45"	"-1.0666667222976685"	"1.0666667222976685"	"TGTTGACCCATGTTGCCACCCCCACTCTAACGCCCACAAACCGCC"	"-1.2,-1.2,-1.28,-1.28,-1.28,-1.32,-1.36,-1.2,-1.2,-1.2,-1.32,-1.32,-1.4,-1.4,-1.4,-1.44,-1.44,-1.44,-1.4,-1.32,-1.24"
"325"	"837572"	"25"	"1.2000000476837158"	"1.2000000476837158"	"TGGTCGGGGTCATGATCGGGATCGG"	"1.2"
"326"	"837671"	"26"	"-1.3461538553237915"	"1.3461538553237915"	"CCCCTTGTTTTTTTCCTGTCTTCCCC"	"-1.24,-1.24"
"327"	"838230"	"36"	"1.0555555820465088"	"1.0555555820465088"	"GAGCAGACTGGGAACTCGGTGGGGGTGGAGTTGTAA"	"1.28,1.24,1.32,1.36,1.4,1.44,1.4,1.4,1.48,1.48,1.36,1.24"
"328"	"838484"	"29"	"-1.0689655542373657"	"1.0689655542373657"	"TTTCTCCATCCCGGCCCCCGACTTCTAAA"	"-1.24,-1.24,-1.24,-1.24,-1.2"
"329"	"838761"	"25"	"-1.2000000476837158"	"1.2000000476837158"	"CTCCACTGCCACCCGTCCCACCATA"	"-1.2"
"330"	"840056"	"32"	"1.0"	"1.0"	"TGCTTGTGCAGCAAGTGGGGGGAGGTGAAATG"	"1.2,1.2,1.2,1.24,1.24,1.24,1.2,1.24"
"331"	"840065"	"26"	"1.1538461446762085"	"1.1538461446762085"	"AGCAAGTGGGGGGAGGTGAAATGCAA"	"1.2,1.2"
"332"	"840068"	"27"	"1.1111111640930176"	"1.1111111640930176"	"AAGTGGGGGGAGGTGAAATGCAAAAAA"	"1.2,1.2,1.2"
"333"	"840932"	"30"	"1.3333333730697632"	"1.3333333730697632"	"TGGTGGGGGCACAGTCATGTTTTGGGGATG"	"1.24,1.4,1.48,1.4,1.4,1.28"
"334"	"841164"	"39"	"-0.9743589758872986"	"0.9743589758872986"	"GTTCTTCCGTGGCCCCCCCAAAGCCCAGACCTTAATATC"	"-1.24,-1.44,-1.44,-1.4,-1.36,-1.44,-1.52,-1.44,-1.36,-1.4,-1.4,-1.48,-1.56,-1.4,-1.28"
"335"	"845580"	"26"	"-1.307692289352417"	"1.307692289352417"	"CCCAGTCCAACGCCCACAAACCGCCC"	"-1.24,-1.24"
"336"	"851774"	"28"	"-1.0714285373687744"	"1.0714285373687744"	"GTCCCAAGTCCCTAACTCCCCTCGTGTA"	"-1.24,-1.32,-1.32,-1.2"
"337"	"853383"	"38"	"-1.1315789222717285"	"1.1315789222717285"	"TCTTTCCCTATTCCTCGTCCCCGTCCCTTTTACCAACA"	"-1.28,-1.4,-1.48,-1.48,-1.48,-1.48,-1.36,-1.24,-1.2,-1.28,-1.28,-1.28,-1.32,-1.24"
"338"	"853400"	"26"	"-1.1538461446762085"	"1.1538461446762085"	"TCCCCGTCCCTTTTACCAACATACAT"	"-1.2,-1.2"
"339"	"856476"	"27"	"-1.185185194015503"	"1.185185194015503"	"TTCCCCAATATCTATAAATATCCCCGA"	"-1.32,-1.28,-1.28"
"340"	"874069"	"29"	"-1.2068965435028076"	"1.2068965435028076"	"CATCCTCCTCTAGCTTATCCCCACCCATA"	"-1.28,-1.36,-1.36,-1.36,-1.28"
"341"	"874163"	"36"	"0.8888888955116272"	"0.8888888955116272"	"TTACCGCAGAGGGGAAAAATGGGGGCATAATCGTAA"	"1.32,1.28,1.28,1.28,1.36,1.44,1.4,1.4,1.44,1.4,1.4,1.24"
"342"	"883210"	"30"	"-1.100000023841858"	"1.100000023841858"	"CGGACCCCTTGTCGTGCTATCCCCCACAAA"	"-1.28,-1.24,-1.36,-1.44,-1.44,-1.28"
"343"	"883224"	"31"	"-1.0322580337524414"	"1.0322580337524414"	"TGCTATCCCCCACAAAAGACCCTCACACTCG"	"-1.2,-1.24,-1.28,-1.28,-1.28,-1.32,-1.28"
"344"	"888154"	"25"	"-1.2799999713897705"	"1.2799999713897705"	"CGTCATCTTCTCGCGACCCCCACCC"	"-1.28"
"345"	"900298"	"32"	"-1.09375"	"1.09375"	"CCACTAAAAACGCCGTCCAGCCCCCCTTTTAA"	"-1.24,-1.32,-1.24,-1.24,-1.2,-1.2,-1.2,-1.2"
"346"	"900307"	"36"	"-1.0277777910232544"	"1.0277777910232544"	"ACGCCGTCCAGCCCCCCTTTTAAGCCCTTTGAAATT"	"-1.28,-1.4,-1.48,-1.52,-1.44,-1.36,-1.36,-1.36,-1.28,-1.2,-1.2,-1.24"
"347"	"901865"	"31"	"1.1290322542190552"	"1.1290322542190552"	"ATGGTAATGCATCTGGGGCAGGAGGGGTCGC"	"1.2,1.36,1.52,1.44,1.32,1.36,1.24"
"348"	"906079"	"27"	"1.2222222089767456"	"1.2222222089767456"	"AGGACGGCTAGGGTCAGGGATAGGGTG"	"1.28,1.28,1.24"
"349"	"907367"	"27"	"-1.185185194015503"	"1.185185194015503"	"TGCCCATGCAGCAGCAGCCTCCCCCAC"	"-1.24,-1.24,-1.32"
"350"	"907378"	"35"	"-1.1714285612106323"	"1.1714285612106323"	"CAGCAGCCTCCCCCACGTCAACACCCACATCCTCA"	"-1.28,-1.36,-1.36,-1.44,-1.4,-1.4,-1.52,-1.52,-1.44,-1.48,-1.32"
"351"	"910234"	"35"	"-1.0285714864730835"	"1.0285714864730835"	"CATCTACTTCCCTCCCGCTCCTACCCGCGACCAGA"	"-1.24,-1.32,-1.28,-1.32,-1.24,-1.24,-1.32,-1.36,-1.36,-1.32,-1.2"
"352"	"910986"	"34"	"-1.1176470518112183"	"1.1176470518112183"	"CTCTCACACCCAATCTCTTGACCCCCGCCATAAC"	"-1.2,-1.32,-1.28,-1.32,-1.4,-1.36,-1.36,-1.32,-1.32,-1.24"
"353"	"911006"	"27"	"-1.296296238899231"	"1.296296238899231"	"ACCCCCGCCATAACACTTCTCGTCCCT"	"-1.28,-1.4,-1.24"
"354"	"911052"	"53"	"-1.396226406097412"	"1.396226406097412"	"GCAGTCATCATCACTTGACCCCCCCCCCCCCCCATAACACTTCTCGTCCCTGC"	"-1.2,-1.4,-1.52,-1.68,-1.88,-2.04,-2.16,-2.32,-2.48,-2.44,-2.44,-2.44,-2.4,-2.44,-2.4,-2.44,-2.44,-2.48,-2.52,-2.36,-2.24,-2.04,-1.88,-1.84,-1.8,-1.76,-1.6,-1.4,-1.28"
"355"	"911139"	"27"	"-1.296296238899231"	"1.296296238899231"	"ACCCCCGCCATAACACTTCTCGTCCCT"	"-1.28,-1.4,-1.24"
"356"	"914132"	"26"	"1.1538461446762085"	"1.1538461446762085"	"TGTATAATAGGGGGCAGAGGAGGAGA"	"1.2,1.2"
"357"	"918651"	"25"	"1.2000000476837158"	"1.2000000476837158"	"GCGAAAGGATTGGATGGGGTTGGTG"	"1.2"
"358"	"918654"	"28"	"1.1428571939468384"	"1.1428571939468384"	"AAAGGATTGGATGGGGTTGGTGTCGGCG"	"1.2,1.28,1.24,1.28"
"359"	"926159"	"25"	"-1.2000000476837158"	"1.2000000476837158"	"CACCCACTTGCCCCATTGTACTACC"	"-1.2"
"360"	"926392"	"41"	"0.9756097793579102"	"0.9756097793579102"	"TGGTACTGGTAGTATGGCATGGGGGCGGGTGCGTATTGCAA"	"1.24,1.2,1.24,1.28,1.4,1.4,1.48,1.44,1.4,1.32,1.32,1.32,1.28,1.32,1.28,1.28,1.2"
"361"	"926411"	"26"	"1.1538461446762085"	"1.1538461446762085"	"TGGGGGCGGGTGCGTATTGCAAATGA"	"1.2,1.2"
"362"	"926498"	"26"	"1.2307692766189575"	"1.2307692766189575"	"GGTGAAGGGGTTGTGAGTACATGGGT"	"1.28,1.2"
"363"	"926564"	"27"	"1.1111111640930176"	"1.1111111640930176"	"TAGGGGCATTAGGCGTCGAGGGTGGTC"	"1.28,1.28,1.2"
"364"	"935715"	"26"	"1.2307692766189575"	"1.2307692766189575"	"GGCAGGCTTGTGGGTGCTAGAGGGGC"	"1.32,1.2"
"365"	"935718"	"27"	"1.2592592239379883"	"1.2592592239379883"	"AGGCTTGTGGGTGCTAGAGGGGCGTGG"	"1.2,1.28,1.28"
"366"	"940399"	"27"	"1.1111111640930176"	"1.1111111640930176"	"TTGGATAGCAAGTGATGGTTGGGGGAA"	"1.2,1.2,1.2"
"367"	"941441"	"25"	"1.2000000476837158"	"1.2000000476837158"	"AAAAGTGTGGGCGTGGGAGTTTGGG"	"1.2"
"368"	"941443"	"32"	"1.09375"	"1.09375"	"AAGTGTGGGCGTGGGAGTTTGGGCGGATTTTG"	"1.24,1.32,1.32,1.28,1.28,1.24,1.24,1.2"
"369"	"946485"	"28"	"-1.3214285373687744"	"1.3214285373687744"	"ACCCTTCCGACACAAAATAGCCCCCACC"	"-1.32,-1.32,-1.28,-1.24"
"370"	"949263"	"32"	"-0.96875"	"0.96875"	"CGTATGACCCCAAACCCCTTATATATAATATA"	"-1.24,-1.2,-1.24,-1.24,-1.24,-1.24,-1.28,-1.28"
"371"	"950048"	"30"	"1.0333333015441895"	"1.0333333015441895"	"AATGTGGGCGTGGGAGTTTTGGGCGGCTTA"	"1.2,1.28,1.24,1.24,1.2,1.2"
"372"	"950059"	"25"	"1.2400000095367432"	"1.2400000095367432"	"GGGAGTTTTGGGCGGCTTAAGTGGG"	"1.24"
"373"	"950155"	"34"	"1.0"	"1.0"	"CAAATTGTGGGCGTTAGAGTGGGGGTGGCAATAT"	"1.24,1.28,1.36,1.44,1.4,1.4,1.4,1.36,1.36,1.24"
"374"	"961344"	"42"	"0.9047619104385376"	"0.9047619104385376"	"ATCAGTCATGGTGTGGAGGGAGGGGGTCAGATAGTAGAATTC"	"1.32,1.48,1.48,1.48,1.48,1.48,1.48,1.52,1.52,1.56,1.48,1.4,1.44,1.4,1.4,1.32,1.24,1.2"
"375"	"965818"	"29"	"-1.034482717514038"	"1.034482717514038"	"GACGCCCCCATAAGACCCAAAAACCTTAT"	"-1.2,-1.28,-1.28,-1.24,-1.28"
"376"	"969697"	"26"	"1.1538461446762085"	"1.1538461446762085"	"AGGAGGGTCTGTTATGTTTTGGGGAT"	"1.2,1.2"
"377"	"971401"	"47"	"1.085106372833252"	"1.085106372833252"	"CGCGGCAGGTTTGGGCGGTTTTGGGGTGTTAGAGTGGGAGTGGCAGA"	"1.2,1.4,1.36,1.44,1.36,1.28,1.32,1.36,1.28,1.24,1.24,1.36,1.48,1.48,1.36,1.28,1.32,1.32,1.32,1.28,1.28,1.32,1.32"
"378"	"974933"	"29"	"1.0689655542373657"	"1.0689655542373657"	"AATAGGTGTTCTTTTTGGGGGCGGGCAAA"	"1.28,1.24,1.24,1.24,1.24"
"379"	"976458"	"26"	"1.307692289352417"	"1.307692289352417"	"GGGAGTTTTGTAGGTCAAAGGAGGGG"	"1.2,1.24"
"380"	"980517"	"25"	"-1.2000000476837158"	"1.2000000476837158"	"CCAAACAACTTTTTGCCCCGCCCTC"	"-1.2"
"381"	"980523"	"35"	"-1.0"	"1.0"	"AACTTTTTGCCCCGCCCTCTCTAACCCCTAAGGGC"	"-1.2,-1.36,-1.52,-1.64,-1.64,-1.64,-1.64,-1.52,-1.4,-1.32,-1.24"
"382"	"984609"	"25"	"1.2000000476837158"	"1.2000000476837158"	"GGGTATTTGATAGTGGGGTTCGGTT"	"1.2"
"383"	"986397"	"39"	"-0.8205128312110901"	"0.8205128312110901"	"AAATAACAGCTGATCCCCCCTTTCCCTTTTATTTTGTGC"	"-1.2,-1.32,-1.32,-1.32,-1.32,-1.32,-1.32,-1.28,-1.28,-1.32,-1.28,-1.24,-1.28,-1.24,-1.28"
"384"	"988697"	"27"	"1.185185194015503"	"1.185185194015503"	"GTGGTGGCTTTTTGGGGTGGTTTAGGT"	"1.2,1.24,1.24"
"385"	"991827"	"25"	"-1.2000000476837158"	"1.2000000476837158"	"CCCCCATCCCAATCTCTCATTGTGT"	"-1.2"
"386"	"996176"	"25"	"1.2000000476837158"	"1.2000000476837158"	"AGCAGAAAGGAAGAATGGGGGTTGG"	"1.2"
"387"	"1000196"	"33"	"-0.9696969985961914"	"0.9696969985961914"	"AATTTCTTCCCAGTCCCTTCCCTTCCCAGTCGG"	"-1.2,-1.32,-1.44,-1.44,-1.4,-1.4,-1.4,-1.32,-1.24"
"388"	"1004496"	"25"	"-1.2000000476837158"	"1.2000000476837158"	"CACACCAGCTCTGAAAGCCCACCCC"	"-1.2"
"389"	"1005932"	"27"	"-1.5185185670852661"	"1.5185185670852661"	"CCCCTCAGCTGCGCACCAACAGCCCCC"	"-1.32,-1.32,-1.32"
"390"	"1006352"	"39"	"0.8461538553237915"	"0.8461538553237915"	"AACATGACCTTCGGGGCGGGGAAGGATGTAGATGTTGTC"	"1.2,1.2,1.2,1.28,1.28,1.28,1.28,1.28,1.36,1.48,1.48,1.48,1.56,1.4,1.2"
"391"	"1007945"	"26"	"1.3461538553237915"	"1.3461538553237915"	"GGGTGGTTTGTGGGTGTTAGAGTGGG"	"1.28,1.28"
"392"	"1011117"	"26"	"1.307692289352417"	"1.307692289352417"	"GGGCGGTTTGTGGGAGTTAGAGTGGG"	"1.24,1.24"
"393"	"1029126"	"25"	"-1.2000000476837158"	"1.2000000476837158"	"TCGCCCCGCATCCCATTCGTCCAAC"	"-1.2"
"394"	"1042437"	"30"	"1.0"	"1.0"	"TTTTAGAGCGGTAGAGTGGGCGGGGCAAAA"	"1.24,1.2,1.2,1.2,1.2,1.2"
"395"	"1042444"	"25"	"1.2000000476837158"	"1.2000000476837158"	"GCGGTAGAGTGGGCGGGGCAAAAAG"	"1.2"
"396"	"1042446"	"25"	"1.2000000476837158"	"1.2000000476837158"	"GGTAGAGTGGGCGGGGCAAAAAGTT"	"1.2"
"397"	"1042452"	"25"	"1.2000000476837158"	"1.2000000476837158"	"GTGGGCGGGGCAAAAAGTTGTTTGG"	"1.2"
"398"	"1046047"	"25"	"1.2000000476837158"	"1.2000000476837158"	"GGGGGATCAAACATCATGGTATGGG"	"1.2"
"399"	"1048872"	"27"	"1.185185194015503"	"1.185185194015503"	"TGGAGAGTAGGGAGGGCGAGGAATGGA"	"1.2,1.28,1.2"
"400"	"1052809"	"27"	"-1.0370370149612427"	"1.0370370149612427"	"GTAAAACGCCCCACCCCTTTTAGCAAG"	"-1.2,-1.28,-1.2"
"401"	"1056019"	"28"	"-1.2142857313156128"	"1.2142857313156128"	"CTCCAAGTACCCCCTTTAATAAACCCAC"	"-1.2,-1.28,-1.28,-1.24"
"402"	"1056025"	"28"	"-1.0714285373687744"	"1.0714285373687744"	"GTACCCCCTTTAATAAACCCACAACAAT"	"-1.2,-1.24,-1.24,-1.24"
"403"	"1061714"	"25"	"-1.2000000476837158"	"1.2000000476837158"	"TTTGGCCACGCCCCACAAACCCTCC"	"-1.2"
"404"	"1061718"	"33"	"-1.2727272510528564"	"1.2727272510528564"	"GCCACGCCCCACAAACCCTCCGAAAACTCCCAC"	"-1.24,-1.32,-1.28,-1.2,-1.32,-1.4,-1.56,-1.4,-1.28"
"405"	"1061730"	"29"	"-1.137930989265442"	"1.137930989265442"	"AAACCCTCCGAAAACTCCCACGCCCACAC"	"-1.24,-1.24,-1.28,-1.28,-1.2"
"406"	"1061816"	"27"	"-1.1481481790542603"	"1.1481481790542603"	"TACCCCAACGCCACCTTTCCAATCCGT"	"-1.28,-1.24,-1.24"
"407"	"1062680"	"25"	"1.2000000476837158"	"1.2000000476837158"	"GGAGGAGTATTGTAAAGGATAGGGG"	"1.2"
"408"	"1064128"	"25"	"1.2000000476837158"	"1.2000000476837158"	"GTCTGGTAGGATGGCCAGAAGGGGG"	"1.2"
"409"	"1064130"	"28"	"1.1071428060531616"	"1.1071428060531616"	"CTGGTAGGATGGCCAGAAGGGGGTGGTC"	"1.2,1.32,1.32,1.2"
"410"	"1085222"	"25"	"1.2000000476837158"	"1.2000000476837158"	"GATATTAGGGGGAAATAAAATGGGA"	"1.2"
"411"	"1091033"	"33"	"1.121212124824524"	"1.121212124824524"	"TGTTTGTGGGCGTGGCAACAGGGGGGTATGTCT"	"1.32,1.48,1.44,1.44,1.44,1.48,1.44,1.4,1.28"
"412"	"1094400"	"26"	"-1.192307710647583"	"1.192307710647583"	"TCCCCCATTACACCTACAAAACTCCA"	"-1.24,-1.24"
"413"	"1097446"	"31"	"1.0967742204666138"	"1.0967742204666138"	"AGTGAAGGGGGATTTTATTGGACGGGAAAGC"	"1.24,1.36,1.32,1.32,1.28,1.32,1.28"
"414"	"1101338"	"32"	"1.03125"	"1.03125"	"TTTGTAGGTAAAAGGAGGGGTGTGGGCACAGC"	"1.28,1.4,1.36,1.36,1.28,1.28,1.32,1.2"
"415"	"1105094"	"29"	"-1.0"	"1.0"	"GTTAACTTCTGCCCTTACAACCCCCTGTA"	"-1.2,-1.24,-1.2,-1.2,-1.2"
"416"	"1105987"	"39"	"0.8205128312110901"	"0.8205128312110901"	"AAAATGTTGAAATTGGGTAAGGGGGATCTGATAGAGACT"	"1.24,1.24,1.24,1.2,1.2,1.24,1.2,1.2,1.2,1.2,1.2,1.24,1.24,1.2,1.2"
"417"	"1106211"	"34"	"0.8529411554336548"	"0.8529411554336548"	"TGTTTCTCAGAGTCTGGGTGGGGGGCATATTGCC"	"1.32,1.28,1.24,1.24,1.24,1.24,1.28,1.32,1.28,1.2"
"418"	"1106224"	"27"	"1.1481481790542603"	"1.1481481790542603"	"CTGGGTGGGGGGCATATTGCCACGGAA"	"1.24,1.28,1.28"
"419"	"1125653"	"49"	"-1.2448979616165161"	"1.2448979616165161"	"CTTGTAACCCAAAATCCCCAAAACCCCCCACCCAAAATCGCTCAAACAT"	"-1.32,-1.44,-1.6,-1.76,-1.96,-1.96,-2.08,-2.2,-2.2,-2.08,-1.96,-1.96,-1.96,-1.96,-2.0,-1.96,-1.84,-1.68,-1.56,-1.4,-1.4,-1.4,-1.44,-1.44,-1.28"
"420"	"1134422"	"38"	"-1.0526316165924072"	"1.0526316165924072"	"TTTTTGCCACGCCCACTCTTACCCCCTAAAGCCGCCAA"	"-1.2,-1.36,-1.36,-1.36,-1.36,-1.36,-1.36,-1.36,-1.36,-1.32,-1.36,-1.48,-1.36,-1.24"
"421"	"1134438"	"25"	"-1.2000000476837158"	"1.2000000476837158"	"TCTTACCCCCTAAAGCCGCCAAGCC"	"-1.2"
"422"	"1142835"	"43"	"-0.9767441749572754"	"0.9767441749572754"	"TCGAGCGGCCCCGGTCCACCACCCCCAACCCGATACGGTAACT"	"-1.28,-1.44,-1.4,-1.44,-1.56,-1.72,-1.8,-1.84,-1.92,-1.76,-1.6,-1.48,-1.24,-1.24,-1.32,-1.32,-1.24,-1.2,-1.2"
"423"	"1149822"	"28"	"-1.0714285373687744"	"1.0714285373687744"	"TCGCGGCCCCGCCCGACACCCAGACTCG"	"-1.2,-1.2,-1.2,-1.2"
"424"	"1149827"	"26"	"-1.192307710647583"	"1.192307710647583"	"GCCCCGCCCGACACCCAGACTCGTAT"	"-1.24,-1.32"
"425"	"1162592"	"25"	"-1.2000000476837158"	"1.2000000476837158"	"CCTTGACCACACCCCAAACTTCCTC"	"-1.2"
"426"	"1177773"	"44"	"1.1136363744735718"	"1.1136363744735718"	"GGTCGTTGGTTGAGATTGGGGGTTGGGGACAATGATTCAAGGAA"	"1.36,1.44,1.52,1.68,1.72,1.64,1.64,1.64,1.56,1.52,1.52,1.52,1.48,1.44,1.4,1.4,1.48,1.56,1.4,1.24"
"427"	"1191008"	"26"	"-1.3461538553237915"	"1.3461538553237915"	"CCCACTCTAATACCCACACACCACCC"	"-1.28,-1.28"
"428"	"1191254"	"30"	"-1.2333333492279053"	"1.2333333492279053"	"TTGCCCCGCCCAAAACTTTCACGCCCACAC"	"-1.24,-1.36,-1.36,-1.44,-1.28,-1.2"
"429"	"1191517"	"25"	"-1.2000000476837158"	"1.2000000476837158"	"CCCACAAACCGGTCCCACACCCACA"	"-1.2"
"430"	"1219825"	"29"	"1.1034482717514038"	"1.1034482717514038"	"GTTTGGCAGTGGGCAGGGGCTTATGGAAT"	"1.2,1.24,1.24,1.24,1.24"
"431"	"1219832"	"28"	"1.1071428060531616"	"1.1071428060531616"	"AGTGGGCAGGGGCTTATGGAATCGGAAT"	"1.24,1.24,1.2,1.2"
"432"	"1226928"	"30"	"-1.0"	"1.0"	"ATAATCCACTCACCCCACCACAGCCACTTG"	"-1.2,-1.2,-1.24,-1.24,-1.24,-1.2"
"433"	"1227394"	"27"	"-1.185185194015503"	"1.185185194015503"	"GCCATATTTTCCCCCCAAAATTACCTC"	"-1.24,-1.28,-1.24"
"434"	"1232983"	"29"	"1.1034482717514038"	"1.1034482717514038"	"GTGTGGGCGTAGCAGTTTTAGGGGGTTGC"	"1.28,1.24,1.24,1.24,1.2"
"435"	"1234878"	"26"	"1.192307710647583"	"1.192307710647583"	"ACGATCGGGAATAGTTGAGTGGGGGA"	"1.24,1.24"
"436"	"1238524"	"32"	"-1.25"	"1.25"	"GACCACCCAAATACGTACCTCCCCTTCCCTTA"	"-1.24,-1.32,-1.44,-1.48,-1.52,-1.52,-1.4,-1.28"
"437"	"1238541"	"25"	"-1.2400000095367432"	"1.2400000095367432"	"CCTCCCCTTCCCTTAAAGTGAAACC"	"-1.24"
"438"	"1239707"	"29"	"1.137930989265442"	"1.137930989265442"	"GCTGGAAGGGTTGGGAATATTGTGGGTAA"	"1.2,1.24,1.28,1.28,1.2"
"439"	"1242508"	"26"	"1.192307710647583"	"1.192307710647583"	"TGGGGGTCCGTTAGGGAATTGGATTG"	"1.2,1.24"
"440"	"1247505"	"27"	"-1.2222222089767456"	"1.2222222089767456"	"ACCTAGCCCAACTCCGCCCAACCTCCT"	"-1.24,-1.32,-1.24"
"441"	"1247510"	"26"	"-1.1538461446762085"	"1.1538461446762085"	"GCCCAACTCCGCCCAACCTCCTAACA"	"-1.2,-1.24"
"442"	"1263285"	"30"	"-1.1333333253860474"	"1.1333333253860474"	"GCCACTATAAAACCCACAATACCCCCAAAT"	"-1.2,-1.4,-1.32,-1.24,-1.24,-1.2"
"443"	"1263293"	"30"	"-1.1333333253860474"	"1.1333333253860474"	"AAAACCCACAATACCCCCAAATGACCTCAA"	"-1.24,-1.32,-1.32,-1.36,-1.36,-1.24"
"444"	"1270468"	"43"	"-0.9767441749572754"	"0.9767441749572754"	"AAAGCCGCCCAAATCTATCCCGCCCCCACCTTAGAGCATTGAA"	"-1.28,-1.44,-1.6,-1.6,-1.72,-1.72,-1.64,-1.68,-1.56,-1.4,-1.28,-1.24,-1.28,-1.28,-1.28,-1.24,-1.2,-1.2,-1.2"
"445"	"1271058"	"25"	"1.2000000476837158"	"1.2000000476837158"	"GGGTGGGAAATTTACTGGGAAAAGG"	"1.2"
"446"	"1272790"	"42"	"-0.8809523582458496"	"0.8809523582458496"	"GTTCGATCCGCGACATCCCCGACCCCGTAAATAACCGATTCA"	"-1.2,-1.4,-1.36,-1.36,-1.32,-1.36,-1.36,-1.36,-1.28,-1.2,-1.32,-1.36,-1.36,-1.36,-1.32,-1.32,-1.36,-1.2"
"447"	"1273802"	"41"	"-0.8536585569381714"	"0.8536585569381714"	"AATTGAGACTCCAACACCTCCCCCCCCCCTTGGAGGGACAG"	"-1.28,-1.44,-1.6,-1.76,-1.92,-1.96,-1.96,-1.92,-1.84,-1.8,-1.68,-1.48,-1.28,-1.28,-1.32,-1.28,-1.24"
"448"	"1276979"	"25"	"1.2000000476837158"	"1.2000000476837158"	"TAGTGTCTTTGGTTTGGGGTATGGG"	"1.2"
"449"	"1276981"	"25"	"1.2000000476837158"	"1.2000000476837158"	"GTGTCTTTGGTTTGGGGTATGGGCG"	"1.2"
"450"	"1276983"	"36"	"1.0"	"1.0"	"GTCTTTGGTTTGGGGTATGGGCGTGGTGAGTTAGTT"	"1.24,1.28,1.28,1.36,1.36,1.4,1.4,1.32,1.24,1.28,1.28,1.28"
"451"	"1277707"	"38"	"1.0"	"1.0"	"GTACATTACGTGGGGTGAGTTTGGGGATTGGACATAGA"	"1.2,1.32,1.32,1.32,1.36,1.44,1.52,1.52,1.48,1.52,1.48,1.48,1.36,1.2"
"452"	"1278549"	"48"	"1.1458333730697632"	"1.1458333730697632"	"TTACATTGCGTGGGGTGAGTTTGGGGCTTGGGCATGGTGGGTTAGTTT"	"1.2,1.36,1.32,1.32,1.36,1.48,1.6,1.72,1.64,1.68,1.64,1.72,1.64,1.48,1.44,1.4,1.52,1.48,1.48,1.44,1.48,1.48,1.48,1.32"
"453"	"1281606"	"42"	"0.8809523582458496"	"0.8809523582458496"	"TTGCATGTGGTGAGTTTGGGGGTTGGGCATAGTTAATGTTAA"	"1.2,1.32,1.44,1.36,1.4,1.4,1.4,1.4,1.4,1.32,1.24,1.24,1.2,1.24,1.2,1.2,1.2,1.2"
"454"	"1282662"	"47"	"1.127659559249878"	"1.127659559249878"	"AACATTGCATGGGGTGAGTTTGGGGGTTGGGCGTGGTGAGTTAGTTT"	"1.32,1.48,1.48,1.52,1.64,1.76,1.88,1.8,1.88,1.88,1.96,1.88,1.72,1.6,1.44,1.48,1.44,1.44,1.4,1.44,1.44,1.44,1.28"
"455"	"1285698"	"32"	"1.21875"	"1.21875"	"CCGAGGGGTGTTATTGCGTGGAGGGGGGCCTT"	"1.24,1.48,1.72,1.84,1.76,1.52,1.36,1.2"
"456"	"1285865"	"26"	"1.1538461446762085"	"1.1538461446762085"	"AATTTACGCAGGTGGCGGGGGTGGTT"	"1.2,1.2"
"457"	"1285870"	"34"	"1.058823585510254"	"1.058823585510254"	"ACGCAGGTGGCGGGGGTGGTTCTTGGCTTGGTGC"	"1.24,1.32,1.32,1.28,1.32,1.4,1.4,1.32,1.36,1.24"
"458"	"1285881"	"25"	"1.2000000476837158"	"1.2000000476837158"	"GGGGGTGGTTCTTGGCTTGGTGCAA"	"1.2"
"459"	"1286458"	"29"	"1.1724138259887695"	"1.1724138259887695"	"ATAGGGGGTGCTCTACGGCTCTGGGGCAC"	"1.28,1.44,1.4,1.4,1.2"
"460"	"1286508"	"45"	"1.1111111640930176"	"1.1111111640930176"	"TGTATCTGTGTTTTGAGGGGGTAGGGGGGTAATCCCGGGTGGAGC"	"1.24,1.4,1.52,1.68,1.84,1.84,1.88,1.88,1.84,1.72,1.56,1.44,1.56,1.68,1.8,1.76,1.84,1.76,1.6,1.48,1.24"
"461"	"1286580"	"34"	"1.0"	"1.0"	"GCTGCAGGCGACGGCCGGCGGGGGGGGTCCATTT"	"1.2,1.32,1.52,1.52,1.4,1.36,1.36,1.28,1.2,1.24"
"462"	"1286592"	"26"	"1.307692289352417"	"1.307692289352417"	"GGCCGGCGGGGGGGGTCCATTTCTGG"	"1.28,1.28"
"463"	"1286595"	"30"	"1.1666666269302368"	"1.1666666269302368"	"CGGCGGGGGGGGTCCATTTCTGGCTTTGGA"	"1.24,1.32,1.24,1.24,1.36,1.2"
"464"	"1287329"	"25"	"1.2000000476837158"	"1.2000000476837158"	"GAGAAGAAGGGGAAGAAGCGTTGGG"	"1.2"
"465"	"1287573"	"26"	"1.1538461446762085"	"1.1538461446762085"	"AGTAGTATTGGTGAGTGAGAGGGGGT"	"1.2,1.2"
"466"	"1287581"	"31"	"1.1290322542190552"	"1.1290322542190552"	"TGGTGAGTGAGAGGGGGTCTTTTTGGGCATT"	"1.2,1.32,1.36,1.24,1.24,1.2,1.2"
"467"	"1289217"	"38"	"1.0263158082962036"	"1.0263158082962036"	"GTACATTGCGTGGGGTGAGTTTGGGGATTGGACATAGA"	"1.24,1.36,1.36,1.36,1.4,1.48,1.56,1.56,1.48,1.52,1.48,1.48,1.36,1.2"
"468"	"1290045"	"29"	"1.1034482717514038"	"1.1034482717514038"	"GTTTGGAGGGAGCTAGTCTGGGGTGAGTA"	"1.24,1.2,1.24,1.24,1.24"
"469"	"1291875"	"32"	"1.25"	"1.25"	"CCGAGGGGTGTTATTGTGTGGAGGGGGGCCTT"	"1.28,1.52,1.76,1.88,1.8,1.56,1.4,1.24"
"470"	"1292052"	"26"	"1.2692307233810425"	"1.2692307233810425"	"GGTGGCAGGGGTGGATCTTGGCTTGG"	"1.24,1.24"
"471"	"1292055"	"25"	"1.2000000476837158"	"1.2000000476837158"	"GGCAGGGGTGGATCTTGGCTTGGTG"	"1.2"
"472"	"1292528"	"31"	"-1.0645161867141724"	"1.0645161867141724"	"TCCTGACCCCATTCCCATCTATTGCCCTGGT"	"-1.24,-1.36,-1.4,-1.32,-1.24,-1.2,-1.2"
"473"	"1292686"	"43"	"1.116279125213623"	"1.116279125213623"	"GCATCTGTATTTTGAGGGGGTAGGGGGGCAATCCCGGGTGGCG"	"1.32,1.44,1.64,1.8,1.76,1.8,1.8,1.76,1.64,1.52,1.4,1.52,1.64,1.76,1.72,1.8,1.72,1.52,1.4"
"474"	"1292756"	"34"	"1.1176470518112183"	"1.1176470518112183"	"TGCTGCAGGGTAACGGCTGGCGGGGGGGTCCATT"	"1.2,1.36,1.48,1.68,1.68,1.56,1.52,1.52,1.4,1.28"
"475"	"1292769"	"27"	"1.1481481790542603"	"1.1481481790542603"	"CGGCTGGCGGGGGGGTCCATTTCTGGC"	"1.2,1.32,1.2"
"476"	"1293497"	"26"	"1.192307710647583"	"1.192307710647583"	"AAGTAGGAGGGGAAAGAGCATTGGGT"	"1.24,1.24"
"477"	"1293839"	"33"	"1.0909091234207153"	"1.0909091234207153"	"TGGTGAGTGAGAGGGGGTCGTTTTGGGCATTAT"	"1.24,1.36,1.4,1.28,1.28,1.24,1.24,1.2,1.2"
"478"	"1296073"	"38"	"0.9473684430122375"	"0.9473684430122375"	"AGGTACATTAGATGGGAGTTTGGGGGTAAGTATATTTG"	"1.2,1.36,1.28,1.2,1.2,1.24,1.28,1.28,1.28,1.28,1.28,1.24,1.24,1.28"
"479"	"1297119"	"38"	"1.0"	"1.0"	"GTACATTACGTGGGGTGAGTTTGGGGATTGGACATAGA"	"1.2,1.32,1.32,1.32,1.36,1.44,1.52,1.52,1.48,1.52,1.48,1.48,1.36,1.2"
"480"	"1297932"	"32"	"1.0"	"1.0"	"ATTAGCTGGGAGGTTATTTGGGGTGAGTATTG"	"1.2,1.2,1.24,1.24,1.24,1.2,1.24,1.28"
"481"	"1299955"	"31"	"1.2580645084381104"	"1.2580645084381104"	"TCGAGGGGTATTATTACTTGGAGGGGGGCCT"	"1.24,1.4,1.6,1.72,1.64,1.4,1.24"
"482"	"1300118"	"25"	"1.2000000476837158"	"1.2000000476837158"	"GAGCAGTTGATGCAGGTGGCGGGGG"	"1.2"
"483"	"1300120"	"43"	"0.9534883499145508"	"0.9534883499145508"	"GCAGTTGATGCAGGTGGCGGGGGTGGATTTTGGCTTGGTGCAG"	"1.24,1.28,1.32,1.32,1.28,1.28,1.28,1.32,1.4,1.36,1.32,1.36,1.44,1.44,1.36,1.4,1.28,1.2,1.28"
"484"	"1300715"	"29"	"1.1724138259887695"	"1.1724138259887695"	"ATAGGGGGTGCTCTACGGCTCTGGGGCAC"	"1.28,1.44,1.4,1.4,1.2"
"485"	"1300766"	"47"	"1.127659559249878"	"1.127659559249878"	"GCATCTGTATTTTGAGGGGGTAGGGGGGCGATAACGGGTGGCGCCGC"	"1.32,1.44,1.64,1.8,1.76,1.84,1.84,1.8,1.8,1.8,1.76,1.88,2.0,2.12,2.08,2.16,2.08,1.88,1.76,1.52,1.28,1.32,1.28"
"486"	"1300839"	"26"	"1.192307710647583"	"1.192307710647583"	"TACAGGGTAACGGCTGGCGGGTGGGT"	"1.24,1.24"
"487"	"1300926"	"30"	"1.0666667222976685"	"1.0666667222976685"	"TGATGAGCGGGGGAAAAATGCAGGGAGTTA"	"1.24,1.24,1.24,1.24,1.24,1.2"
"488"	"1301571"	"26"	"1.1538461446762085"	"1.1538461446762085"	"TAAAAGGAGGGGAAAGAGCATTGGGT"	"1.2,1.2"
"489"	"1301960"	"42"	"0.8809523582458496"	"0.8809523582458496"	"TTGCATGTGGTGAGTTTGGGGGTTGGGCATAGTTAATGTTAA"	"1.2,1.32,1.44,1.36,1.4,1.4,1.4,1.4,1.4,1.32,1.24,1.24,1.2,1.24,1.2,1.2,1.2,1.2"
"490"	"1304677"	"32"	"1.3125"	"1.3125"	"GTCGAGGGGTATTATTGCGTGGAGGGGGGCCT"	"1.2,1.32,1.48,1.68,1.8,1.72,1.48,1.32"
"491"	"1304841"	"25"	"1.2000000476837158"	"1.2000000476837158"	"GAGCAGTTGATGCAGGTGGCGGGGG"	"1.2"
"492"	"1304843"	"43"	"0.930232584476471"	"0.930232584476471"	"GCAGTTGATGCAGGTGGCGGGGGTGGATCTTGGTTTGGTGCAA"	"1.24,1.28,1.32,1.32,1.24,1.24,1.24,1.28,1.36,1.36,1.32,1.36,1.44,1.44,1.36,1.4,1.28,1.2,1.24"
"493"	"1305331"	"31"	"-1.1290322542190552"	"1.1290322542190552"	"TCCTGACCCCGTTCCCTTCTATTGCCCTTGT"	"-1.2,-1.32,-1.36,-1.28,-1.28,-1.28,-1.28"
"494"	"1305439"	"25"	"1.2000000476837158"	"1.2000000476837158"	"TGGGAGGTGCTCTGCGGCTCTGGGG"	"1.2"
"495"	"1305488"	"43"	"0.9767441749572754"	"0.9767441749572754"	"TAGATCTGAGTTTTGAGGGGGTAGGGGGGCAATCCCGTGTGGC"	"1.24,1.4,1.56,1.68,1.84,1.8,1.84,1.84,1.8,1.68,1.52,1.4,1.44,1.44,1.48,1.44,1.52,1.44,1.24"
"496"	"1305559"	"34"	"1.1176470518112183"	"1.1176470518112183"	"TGCTGCAGGGTAACGGCTGGCGGGGGGGTCCATT"	"1.2,1.36,1.48,1.68,1.68,1.56,1.52,1.52,1.4,1.28"
"497"	"1305572"	"27"	"1.1481481790542603"	"1.1481481790542603"	"CGGCTGGCGGGGGGGTCCATTTCTGGC"	"1.2,1.32,1.2"
"498"	"1305895"	"25"	"1.2400000095367432"	"1.2400000095367432"	"GCCGGCTTAGTGTGCGGGCTGGGGG"	"1.24"
"499"	"1305897"	"27"	"1.1481481790542603"	"1.1481481790542603"	"CGGCTTAGTGTGCGGGCTGGGGGTAAT"	"1.24,1.32,1.24"
"500"	"1305901"	"25"	"1.2000000476837158"	"1.2000000476837158"	"TTAGTGTGCGGGCTGGGGGTAATTT"	"1.2"
"501"	"1308002"	"38"	"1.0263158082962036"	"1.0263158082962036"	"GTACATTGCGTGGGGTGAGTTTGGGGATTGGACATAGA"	"1.24,1.36,1.36,1.36,1.4,1.48,1.56,1.56,1.48,1.52,1.48,1.48,1.36,1.2"
"502"	"1308472"	"37"	"0.9459459185600281"	"0.9459459185600281"	"GTACATTGCGTGGGGTGAGTTTGGGGATTGCACATAG"	"1.24,1.36,1.36,1.36,1.4,1.44,1.4,1.4,1.32,1.36,1.32,1.32,1.2"
"503"	"1309300"	"29"	"1.1034482717514038"	"1.1034482717514038"	"GTTTGGAGGGAGCTAGTCTGGGGTGAGTA"	"1.24,1.2,1.24,1.24,1.24"
"504"	"1311130"	"32"	"1.25"	"1.25"	"CCGAGGGGTGTTATTGTGTGGAGGGGGGCCTT"	"1.28,1.52,1.76,1.88,1.8,1.56,1.4,1.24"
"505"	"1311307"	"26"	"1.2692307233810425"	"1.2692307233810425"	"GGTGGCAGGGGTGGATCTTGGCTTGG"	"1.24,1.24"
"506"	"1311310"	"25"	"1.2000000476837158"	"1.2000000476837158"	"GGCAGGGGTGGATCTTGGCTTGGTG"	"1.2"
"507"	"1311783"	"31"	"-1.0645161867141724"	"1.0645161867141724"	"TCCTGACCCCATTCCCATCTATTGCCCTGGT"	"-1.24,-1.36,-1.4,-1.32,-1.24,-1.2,-1.2"
"508"	"1311941"	"43"	"1.116279125213623"	"1.116279125213623"	"GCATCTGTATTTTGAGGGGGTAGGGGGGCAATCCCGGGTGGCG"	"1.32,1.44,1.64,1.8,1.76,1.8,1.8,1.76,1.64,1.52,1.4,1.52,1.64,1.76,1.72,1.8,1.72,1.52,1.4"
"509"	"1312011"	"34"	"1.1176470518112183"	"1.1176470518112183"	"TGCTGCAGGGTAACGGCTGGCGGGGGGGTCCATT"	"1.2,1.36,1.48,1.68,1.68,1.56,1.52,1.52,1.4,1.28"
"510"	"1312024"	"27"	"1.1481481790542603"	"1.1481481790542603"	"CGGCTGGCGGGGGGGTCCATTTCTGGC"	"1.2,1.32,1.2"
"511"	"1312752"	"26"	"1.192307710647583"	"1.192307710647583"	"AAGTAGGAGGGGAAAGAGCATTGGGT"	"1.24,1.24"
"512"	"1313094"	"33"	"1.0909091234207153"	"1.0909091234207153"	"TGGTGAGTGAGAGGGGGTCGTTTTGGGCATTAT"	"1.24,1.36,1.4,1.28,1.28,1.24,1.24,1.2,1.2"
"513"	"1314473"	"26"	"1.192307710647583"	"1.192307710647583"	"TGCATGTGGTGAGTTTGGGGGTTGGA"	"1.24,1.24"
"514"	"1314476"	"29"	"1.0689655542373657"	"1.0689655542373657"	"ATGTGGTGAGTTTGGGGGTTGGACATAGT"	"1.2,1.2,1.2,1.2,1.2"
"515"	"1316725"	"25"	"1.2000000476837158"	"1.2000000476837158"	"GCTTTTTTGTAGGTATGGGTTGGGG"	"1.2"
"516"	"1316727"	"26"	"1.1538461446762085"	"1.1538461446762085"	"TTTTTTGTAGGTATGGGTTGGGGTTT"	"1.2,1.2"
"517"	"1316732"	"34"	"1.0882352590560913"	"1.0882352590560913"	"TGTAGGTATGGGTTGGGGTTTCTTGGCAGTGGCG"	"1.24,1.32,1.24,1.24,1.28,1.2,1.2,1.28,1.24,1.28"
"518"	"1316847"	"26"	"1.192307710647583"	"1.192307710647583"	"TGGGGTTTGGGGTACCTTTTTCAGGT"	"1.24,1.24"
"519"	"1317180"	"33"	"1.303030252456665"	"1.303030252456665"	"GTCGAGGGGTATTGTTGCGTGGAGGGGGGCCTT"	"1.24,1.36,1.52,1.72,1.84,1.76,1.52,1.36,1.2"
"520"	"1317348"	"26"	"1.1538461446762085"	"1.1538461446762085"	"AGTTGATGCAGATGGCGGGGGTGGAT"	"1.2,1.2"
"521"	"1317354"	"35"	"1.0"	"1.0"	"TGCAGATGGCGGGGGTGGATCTTGGTTTGGTGCAA"	"1.24,1.24,1.2,1.24,1.32,1.36,1.36,1.4,1.28,1.2,1.24"
"522"	"1317834"	"31"	"-1.1290322542190552"	"1.1290322542190552"	"TCCTGACCCCGTTCCCTTCTATTGCCCTTGT"	"-1.2,-1.32,-1.36,-1.28,-1.28,-1.28,-1.28"
"523"	"1317942"	"25"	"1.2000000476837158"	"1.2000000476837158"	"TGGGAGGTGCTCTGCGGCTCTGGGG"	"1.2"
"524"	"1317991"	"43"	"0.9767441749572754"	"0.9767441749572754"	"TAGATCTGAGTTTTGAGGGGGTAGGGGGGCAATCCCGTGTGGC"	"1.24,1.4,1.56,1.68,1.84,1.8,1.84,1.84,1.8,1.68,1.52,1.4,1.44,1.44,1.48,1.44,1.52,1.44,1.24"
"525"	"1318062"	"34"	"1.1176470518112183"	"1.1176470518112183"	"TGCTGCAGGGTAACGGCTGGCGGGGGGGTCCATT"	"1.2,1.36,1.48,1.68,1.68,1.56,1.52,1.52,1.4,1.28"
"526"	"1318075"	"27"	"1.1481481790542603"	"1.1481481790542603"	"CGGCTGGCGGGGGGGTCCATTTCTGGC"	"1.2,1.32,1.2"
"527"	"1319144"	"27"	"1.1481481790542603"	"1.1481481790542603"	"GTGAGCGAGAGGGGGTCTTTTTGGGCA"	"1.28,1.2,1.2"
"528"	"1319152"	"27"	"1.185185194015503"	"1.185185194015503"	"GAGGGGGTCTTTTTGGGCATTATTGGT"	"1.2,1.24,1.24"
"529"	"1325740"	"29"	"-1.1724138259887695"	"1.1724138259887695"	"TTTCCCTTTCCCTTCTTTCCCTCTCTTCC"	"-1.2,-1.2,-1.2,-1.28,-1.24"
"530"	"1326665"	"47"	"1.042553186416626"	"1.042553186416626"	"CATAATTCTTTCTGTTGGGGAGGGGTGGTATATGTGTGGGAGTGGCA"	"1.2,1.24,1.32,1.4,1.4,1.4,1.4,1.4,1.44,1.48,1.48,1.52,1.56,1.68,1.76,1.88,1.88,1.76,1.6,1.52,1.44,1.4,1.24"
"531"	"1327889"	"36"	"1.0833333730697632"	"1.0833333730697632"	"GAGGTTGTCAGGGATTCTTGGGGAGGGAGTTGATTC"	"1.28,1.36,1.48,1.4,1.36,1.36,1.36,1.36,1.36,1.4,1.4,1.24"
"532"	"1329026"	"28"	"1.2142857313156128"	"1.2142857313156128"	"TAGGGATATCTTGTGTTATTGGGGGTGG"	"1.2,1.2,1.28,1.24"
"533"	"1329276"	"25"	"1.2000000476837158"	"1.2000000476837158"	"GTTTACTGTTGTTCGAGGAGGGGGG"	"1.2"
"534"	"1329278"	"42"	"0.8333333134651184"	"0.8333333134651184"	"TTACTGTTGTTCGAGGAGGGGGGTGTGTGTAGGACTGCTTAT"	"1.2,1.2,1.24,1.24,1.32,1.32,1.28,1.36,1.44,1.4,1.36,1.36,1.44,1.36,1.36,1.28,1.2,1.2"
"535"	"1329319"	"31"	"1.225806474685669"	"1.225806474685669"	"TTGCGGGGCGTCTGAAAGTGGGTGGGTTTTG"	"1.28,1.4,1.4,1.36,1.4,1.24,1.2"
"536"	"1329330"	"35"	"1.085714340209961"	"1.085714340209961"	"CTGAAAGTGGGTGGGTTTTGGGTAGGGATGTTTAT"	"1.24,1.4,1.52,1.48,1.48,1.52,1.52,1.48,1.48,1.36,1.24"
"537"	"1329346"	"35"	"1.2857142686843872"	"1.2857142686843872"	"TTTGGGTAGGGATGTTTATTGCGGGGGGTCTGAAG"	"1.24,1.4,1.56,1.72,1.6,1.44,1.32,1.36,1.36,1.24,1.2"
"538"	"1329359"	"25"	"1.2000000476837158"	"1.2000000476837158"	"GTTTATTGCGGGGGGTCTGAAGGTG"	"1.2"
"539"	"1329363"	"32"	"1.25"	"1.25"	"ATTGCGGGGGGTCTGAAGGTGCGTGGGTTGTG"	"1.28,1.4,1.52,1.52,1.48,1.56,1.4,1.28"
"540"	"1329831"	"28"	"1.0714285373687744"	"1.0714285373687744"	"TTTGGTCGGGGTTGACTGGTGGAGGTGC"	"1.24,1.24,1.28,1.2"
"541"	"1330824"	"49"	"1.1836735010147095"	"1.1836735010147095"	"TATTTGCTTCTGGGAGAGGGGTGAGGGGTTTTTGGCGGGCTGTGTTGGC"	"1.2,1.36,1.52,1.68,1.68,1.68,1.64,1.68,1.68,1.76,1.88,1.84,1.84,1.84,1.84,1.8,1.76,1.8,1.64,1.52,1.36,1.2,1.28,1.32,1.28"
"542"	"1331045"	"48"	"1.125"	"1.125"	"TTGTGGTTAGCTTTTGGGTGAGGGGTGAAGGGTTTTTGGCGGGCTGTG"	"1.24,1.24,1.28,1.24,1.24,1.28,1.32,1.44,1.44,1.44,1.4,1.44,1.44,1.52,1.6,1.56,1.56,1.56,1.56,1.52,1.48,1.52,1.36,1.24"
"543"	"1331271"	"43"	"1.0465116500854492"	"1.0465116500854492"	"GCTTAATTCTTTGGAGGGGGGCGAGGGTTTGGCGGGCTCTATC"	"1.2,1.28,1.44,1.44,1.44,1.44,1.52,1.6,1.56,1.72,1.84,1.96,1.92,1.84,1.72,1.72,1.56,1.4,1.2"
"544"	"1331435"	"42"	"0.976190447807312"	"0.976190447807312"	"TTTTGCTTATGGAAATGGGGAAGGGGCTATCGGCAGGCTGTT"	"1.28,1.44,1.4,1.4,1.4,1.36,1.36,1.44,1.52,1.48,1.48,1.48,1.48,1.44,1.44,1.48,1.48,1.32"
"545"	"1338722"	"29"	"-1.1724138259887695"	"1.1724138259887695"	"TTTCCCTTTCCCTTCTTTCCCTCTCTTCC"	"-1.2,-1.2,-1.2,-1.28,-1.24"
"546"	"1339647"	"47"	"1.042553186416626"	"1.042553186416626"	"CATAATTCTTTCTGTTGGGGAGGGGTGGTATATGTGTGGGAGTGGCA"	"1.2,1.24,1.32,1.4,1.4,1.4,1.4,1.4,1.44,1.48,1.48,1.52,1.56,1.68,1.76,1.88,1.88,1.76,1.6,1.52,1.44,1.4,1.24"
"547"	"1340871"	"36"	"1.0833333730697632"	"1.0833333730697632"	"GAGGTTGTCAGGGATTCTTGGGGAGGGAGTTGATTC"	"1.28,1.36,1.48,1.4,1.36,1.36,1.36,1.36,1.36,1.4,1.4,1.24"
"548"	"1342008"	"28"	"1.2142857313156128"	"1.2142857313156128"	"TAGGGATATCTTGTGTTATTGGGGGTGG"	"1.2,1.2,1.28,1.24"
"549"	"1342258"	"25"	"1.2000000476837158"	"1.2000000476837158"	"GTTTACTGTTGTTCGAGGAGGGGGG"	"1.2"
"550"	"1342260"	"42"	"0.8333333134651184"	"0.8333333134651184"	"TTACTGTTGTTCGAGGAGGGGGGTGTGTGTAGGACTGCTTAT"	"1.2,1.2,1.24,1.24,1.32,1.32,1.28,1.36,1.44,1.4,1.36,1.36,1.44,1.36,1.36,1.28,1.2,1.2"
"551"	"1342301"	"31"	"1.225806474685669"	"1.225806474685669"	"TTGCGGGGCGTCTGAAAGTGGGTGGGTTTTG"	"1.28,1.4,1.4,1.36,1.4,1.24,1.2"
"552"	"1342312"	"35"	"1.085714340209961"	"1.085714340209961"	"CTGAAAGTGGGTGGGTTTTGGGTAGGGATGTTTAT"	"1.24,1.4,1.52,1.48,1.48,1.52,1.52,1.48,1.48,1.36,1.24"
"553"	"1342328"	"35"	"1.2857142686843872"	"1.2857142686843872"	"TTTGGGTAGGGATGTTTATTGCGGGGGGTCTGAAG"	"1.24,1.4,1.56,1.72,1.6,1.44,1.32,1.36,1.36,1.24,1.2"
"554"	"1342341"	"25"	"1.2000000476837158"	"1.2000000476837158"	"GTTTATTGCGGGGGGTCTGAAGGTG"	"1.2"
"555"	"1342345"	"32"	"1.25"	"1.25"	"ATTGCGGGGGGTCTGAAGGTGCGTGGGTTGTG"	"1.28,1.4,1.52,1.52,1.48,1.56,1.4,1.28"
"556"	"1342813"	"28"	"1.0714285373687744"	"1.0714285373687744"	"TTTGGTCGGGGTTGACTGGTGGAGGTGC"	"1.24,1.24,1.28,1.2"
"557"	"1343806"	"49"	"1.1836735010147095"	"1.1836735010147095"	"TATTTGCTTCTGGGAGAGGGGTGAGGGGTTTTTGGCGGGCTGTGTTGGC"	"1.2,1.36,1.52,1.68,1.68,1.68,1.64,1.68,1.68,1.76,1.88,1.84,1.84,1.84,1.84,1.8,1.76,1.8,1.64,1.52,1.36,1.2,1.28,1.32,1.28"
"558"	"1344027"	"48"	"1.125"	"1.125"	"TTGTGGTTAGCTTTTGGGTGAGGGGTGAAGGGTTTTTGGCGGGCTGTG"	"1.24,1.24,1.28,1.24,1.24,1.28,1.32,1.44,1.44,1.44,1.4,1.44,1.44,1.52,1.6,1.56,1.56,1.56,1.56,1.52,1.48,1.52,1.36,1.24"
"559"	"1344253"	"43"	"1.0465116500854492"	"1.0465116500854492"	"GCTTAATTCTTTGGAGGGGGGCGAGGGTTTGGCGGGCTCTATC"	"1.2,1.28,1.44,1.44,1.44,1.44,1.52,1.6,1.56,1.72,1.84,1.96,1.92,1.84,1.72,1.72,1.56,1.4,1.2"
"560"	"1344417"	"42"	"0.976190447807312"	"0.976190447807312"	"TTTTGCTTATGGAAATGGGGAAGGGGCTATCGGCAGGCTGTT"	"1.28,1.44,1.4,1.4,1.4,1.36,1.36,1.44,1.52,1.48,1.48,1.48,1.48,1.44,1.44,1.48,1.48,1.32"
